area,area_title,identical,counties_added,counties_dropped,change_share,measurable
10180,"Abilene, TX",True,0,0,0.0,True
10380,"Aguadilla, PR",False,0,2,0.1304426140922563,True
10420,"Akron, OH",True,0,0,0.0,True
10500,"Albany, GA",False,0,1,0.0074099194573972,True
10540,"Albany, OR",True,0,0,0.0,True
10580,"Albany-Schenectady-Troy, NY",True,0,0,0.0,True
10740,"Albuquerque, NM",True,0,0,0.0,True
10780,"Alexandria, LA",True,0,0,0.0,True
10900,"Allentown-Bethlehem-Easton, PA-NJ",True,0,0,0.0,True
11020,"Altoona, PA",True,0,0,0.0,True
11100,"Amarillo, TX",True,0,0,0.0,True
11180,"Ames, IA",False,1,0,0.1581118645868376,True
11260,"Anchorage, AK",True,0,0,0.0,True
11460,"Ann Arbor, MI",True,0,0,0.0,True
11500,"Anniston-Oxford, AL",True,0,0,0.0,True
11540,"Appleton, WI",True,0,0,0.0,True
11640,"Arecibo, PR",True,0,0,0.0,True
11700,"Asheville, NC",False,0,1,0.086396586801509,True
12020,"Athens-Clarke County, GA",True,0,0,0.0,True
12060,"Atlanta-Sandy Springs-Roswell, GA",False,1,1,0.0045053509508961,True
12100,"Atlantic City-Hammonton, NJ",False,1,0,0.2544409364389111,True
12220,"Auburn-Opelika, AL",False,1,0,0.0675388274800615,True
12260,"Augusta-Richmond County, GA-SC",True,0,0,0.0,True
12420,"Austin-Round Rock-San Marcos, TX",True,0,0,0.0,True
12540,"Bakersfield-Delano, CA",True,0,0,0.0,True
12580,"Baltimore-Columbia-Towson, MD",True,0,0,0.0,True
12940,"Baton Rouge, LA",False,1,0,0.0097843668442936,True
12980,"Battle Creek, MI",True,0,0,0.0,True
13020,"Bay City, MI",True,0,0,0.0,True
13140,"Beaumont-Port Arthur, TX",False,0,1,0.0077271581639239,True
13220,"Beckley, WV",True,0,0,0.0,True
13380,"Bellingham, WA",True,0,0,0.0,True
13460,"Bend, OR",False,2,0,0.1343330382175003,True
13740,"Billings, MT",False,1,1,0.0385740266093781,True
13780,"Binghamton, NY",True,0,0,0.0,True
13820,"Birmingham, AL",True,0,0,0.0,True
13900,"Bismarck, ND",False,0,1,0.0205479452054794,True
13980,"Blacksburg-Christiansburg-Radford, VA",True,0,0,0.0,True
14010,"Bloomington, IL",False,0,1,0.053303247368365,True
14020,"Bloomington, IN",True,0,0,0.0,True
14260,"Boise City, ID",True,0,0,0.0,True
14500,"Boulder, CO",True,0,0,0.0,True
14540,"Bowling Green, KY",True,0,0,0.0,True
14740,"Bremerton-Silverdale-Port Orchard, WA",True,0,0,0.0,True
15180,"Brownsville-Harlingen, TX",True,0,0,0.0,True
15260,"Brunswick-St. Simons, GA",True,0,0,0.0,True
15380,"Buffalo-Cheektowaga, NY",True,0,0,0.0,True
15500,"Burlington, NC",True,0,0,0.0,True
15940,"Canton-Massillon, OH",True,0,0,0.0,True
15980,"Cape Coral-Fort Myers, FL",True,0,0,0.0,True
16020,"Cape Girardeau, MO-IL",True,0,0,0.0,True
16180,"Carson City, NV",True,0,0,0.0,True
16220,"Casper, WY",True,0,0,0.0,True
16300,"Cedar Rapids, IA",True,0,0,0.0,True
16540,"Chambersburg, PA",True,0,0,0.0,True
16580,"Champaign-Urbana, IL",True,0,0,0.0,True
16620,"Charleston, WV",True,0,0,0.0,True
16700,"Charleston-North Charleston, SC",True,0,0,0.0,True
16740,"Charlotte-Concord-Gastonia, NC-SC",False,1,0,0.0049218725508197,True
16820,"Charlottesville, VA",False,0,1,0.0265116041478656,True
16860,"Chattanooga, TN-GA",True,0,0,0.0,True
16940,"Cheyenne, WY",True,0,0,0.0,True
16980,"Chicago-Naperville-Elgin, IL-IN",False,0,1,0.0164227370256001,True
17020,"Chico, CA",True,0,0,0.0,True
17140,"Cincinnati, OH-KY-IN",False,1,1,0.0052352425134292,True
17300,"Clarksville, TN-KY",False,1,0,0.0296584810697852,True
17420,"Cleveland, TN",True,0,0,0.0,True
17660,"Coeur d'Alene, ID",True,0,0,0.0,True
17780,"College Station-Bryan, TX",True,0,0,0.0,True
17820,"Colorado Springs, CO",True,0,0,0.0,True
17860,"Columbia, MO",False,2,0,0.0689837402210122,True
17900,"Columbia, SC",True,0,0,0.0,True
17980,"Columbus, GA-AL",False,2,0,0.0219997752478756,True
18020,"Columbus, IN",True,0,0,0.0,True
18140,"Columbus, OH",True,0,0,0.0,True
18580,"Corpus Christi, TX",True,0,0,0.0,True
18700,"Corvallis, OR",True,0,0,0.0,True
18880,"Crestview-Fort Walton Beach-Destin, FL",True,0,0,0.0,True
19100,"Dallas-Fort Worth-Arlington, TX",False,0,2,0.0055974782264361,True
19140,"Dalton, GA",True,0,0,0.0,True
19300,"Daphne-Fairhope-Foley, AL",True,0,0,0.0,True
19340,"Davenport-Moline-Rock Island, IA-IL",True,0,0,0.0,True
19460,"Decatur, AL",True,0,0,0.0,True
19500,"Decatur, IL",True,0,0,0.0,True
19660,"Deltona-Daytona Beach-Ormond Beach, FL",True,0,0,0.0,True
19740,"Denver-Aurora-Centennial, CO",True,0,0,0.0,True
19780,"Des Moines-West Des Moines, IA",False,1,0,0.0258617916954281,True
19820,"Detroit-Warren-Dearborn, MI",True,0,0,0.0,True
20020,"Dothan, AL",True,0,0,0.0,True
20100,"Dover, DE",True,0,0,0.0,True
20220,"Dubuque, IA",True,0,0,0.0,True
20260,"Duluth, MN-WI",True,0,0,0.0,True
20500,"Durham-Chapel Hill, NC",True,0,0,0.0,True
20740,"Eau Claire, WI",True,0,0,0.0,True
20940,"El Centro, CA",True,0,0,0.0,True
21060,"Elizabethtown, KY",False,0,1,0.0927437122160142,True
21140,"Elkhart-Goshen, IN",True,0,0,0.0,True
21300,"Elmira, NY",True,0,0,0.0,True
21340,"El Paso, TX",True,0,0,0.0,True
21500,"Erie, PA",True,0,0,0.0,True
21660,"Eugene-Springfield, OR",True,0,0,0.0,True
21780,"Evansville, IN",False,0,1,0.1222249839745686,True
21820,"Fairbanks-College, AK",True,0,0,0.0,True
22020,"Fargo, ND-MN",True,0,0,0.0,True
22140,"Farmington, NM",True,0,0,0.0,True
22180,"Fayetteville, NC",True,0,0,0.0,True
22220,"Fayetteville-Springdale-Rogers, AR",False,0,1,0.0207077641368912,True
22380,"Flagstaff, AZ",True,0,0,0.0,True
22420,"Flint, MI",True,0,0,0.0,True
22500,"Florence, SC",True,0,0,0.0,True
22520,"Florence-Muscle Shoals, AL",True,0,0,0.0,True
22540,"Fond du Lac, WI",True,0,0,0.0,True
22660,"Fort Collins-Loveland, CO",True,0,0,0.0,True
22900,"Fort Smith, AR-OK",False,0,1,0.1081238555019144,True
23060,"Fort Wayne, IN",True,0,0,0.0,True
23420,"Fresno, CA",False,1,0,0.1174912281426806,True
23460,"Gadsden, AL",True,0,0,0.0,True
23540,"Gainesville, FL",False,1,0,0.060221067175472,True
23580,"Gainesville, GA",True,0,0,0.0,True
23900,"Gettysburg, PA",True,0,0,0.0,True
24020,"Glens Falls, NY",True,0,0,0.0,True
24140,"Goldsboro, NC",True,0,0,0.0,True
24220,"Grand Forks, ND-MN",True,0,0,0.0,True
24260,"Grand Island, NE",False,0,1,0.0905226306576644,True
24300,"Grand Junction, CO",True,0,0,0.0,True
24340,"Grand Rapids-Wyoming-Kentwood, MI",False,1,0,0.031117806001555,True
24420,"Grants Pass, OR",True,0,0,0.0,True
24500,"Great Falls, MT",True,0,0,0.0,True
24540,"Greeley, CO",True,0,0,0.0,True
24580,"Green Bay, WI",True,0,0,0.0,True
24660,"Greensboro-High Point, NC",True,0,0,0.0,True
24780,"Greenville, NC",True,0,0,0.0,True
24860,"Greenville-Anderson-Greer, SC",True,0,0,0.0,True
25020,"Guayama, PR",True,0,0,0.0,True
25060,"Gulfport-Biloxi, MS",False,1,0,0.0300972943153037,True
25180,"Hagerstown-Martinsburg, MD-WV",False,1,0,0.0291814071397491,True
25220,"Hammond, LA",True,0,0,0.0,True
25260,"Hanford-Corcoran, CA",True,0,0,0.0,True
25420,"Harrisburg-Carlisle, PA",True,0,0,0.0,True
25500,"Harrisonburg, VA",True,0,0,0.0,True
25620,"Hattiesburg, MS",True,0,0,0.0,True
25860,"Hickory-Lenoir-Morganton, NC",True,0,0,0.0,True
25940,"Hilton Head Island-Bluffton-Port Royal, SC",True,0,0,0.0,True
25980,"Hinesville, GA",True,0,0,0.0,True
26140,"Homosassa Springs, FL",True,0,0,0.0,True
26300,"Hot Springs, AR",True,0,0,0.0,True
26380,"Houma-Bayou Cane-Thibodaux, LA",True,0,0,0.0,True
26420,"Houston-Pasadena-The Woodlands, TX",False,1,0,0.0007585495819221,True
26580,"Huntington-Ashland, WV-KY-OH",False,2,1,0.0874723649883062,True
26620,"Huntsville, AL",True,0,0,0.0,True
26820,"Idaho Falls, ID",True,0,0,0.0,True
26900,"Indianapolis-Carmel-Greenwood, IN",False,1,1,0.0151964243707362,True
26980,"Iowa City, IA",True,0,0,0.0,True
27060,"Ithaca, NY",True,0,0,0.0,True
27100,"Jackson, MI",True,0,0,0.0,True
27140,"Jackson, MS",False,2,0,0.0605307830769906,True
27180,"Jackson, TN",False,1,0,0.1777491624041683,True
27260,"Jacksonville, FL",True,0,0,0.0,True
27340,"Jacksonville, NC",True,0,0,0.0,True
27500,"Janesville-Beloit, WI",True,0,0,0.0,True
27620,"Jefferson City, MO",True,0,0,0.0,True
27740,"Johnson City, TN",True,0,0,0.0,True
27780,"Johnstown, PA",True,0,0,0.0,True
27860,"Jonesboro, AR",True,0,0,0.0,True
27900,"Joplin, MO-KS",False,1,0,0.0674887113581104,True
27980,"Kahului-Wailuku, HI",True,0,0,0.0,True
28020,"Kalamazoo-Portage, MI",False,0,1,0.1517655739432908,True
28100,"Kankakee, IL",True,0,0,0.0,True
28140,"Kansas City, MO-KS",True,0,0,0.0,True
28420,"Kennewick-Richland, WA",True,0,0,0.0,True
28660,"Killeen-Temple, TX",True,0,0,0.0,True
28700,"Kingsport-Bristol, TN-VA",True,0,0,0.0,True
28740,"Kingston, NY",True,0,0,0.0,True
28940,"Knoxville, TN",True,0,0,0.0,True
29020,"Kokomo, IN",True,0,0,0.0,True
29100,"La Crosse-Onalaska, WI-MN",False,1,0,0.1046955686321604,True
29180,"Lafayette, LA",False,0,1,0.1200728197710666,True
29200,"Lafayette-West Lafayette, IN",False,1,0,0.0191556666406311,True
29340,"Lake Charles, LA",False,1,0,0.0796599058384155,True
29420,"Lake Havasu City-Kingman, AZ",True,0,0,0.0,True
29460,"Lakeland-Winter Haven, FL",True,0,0,0.0,True
29540,"Lancaster, PA",True,0,0,0.0,True
29620,"Lansing-East Lansing, MI",True,0,0,0.0,True
29700,"Laredo, TX",True,0,0,0.0,True
29740,"Las Cruces, NM",True,0,0,0.0,True
29820,"Las Vegas-Henderson-North Las Vegas, NV",True,0,0,0.0,True
29940,"Lawrence, KS",True,0,0,0.0,True
30020,"Lawton, OK",True,0,0,0.0,True
30140,"Lebanon, PA",True,0,0,0.0,True
30300,"Lewiston, ID-WA",True,0,0,0.0,True
30460,"Lexington-Fayette, KY",True,0,0,0.0,True
30620,"Lima, OH",True,0,0,0.0,True
30700,"Lincoln, NE",True,0,0,0.0,True
30780,"Little Rock-North Little Rock-Conway, AR",True,0,0,0.0,True
30860,"Logan, UT-ID",True,0,0,0.0,True
30980,"Longview, TX",False,1,0,0.1837150604567082,True
31020,"Longview-Kelso, WA",True,0,0,0.0,True
31080,"Los Angeles-Long Beach-Anaheim, CA",True,0,0,0.0,True
31140,"Louisville/Jefferson County, KY-IN",False,2,2,0.0474490754796085,True
31180,"Lubbock, TX",False,3,0,0.0679366689000356,True
31340,"Lynchburg, VA",False,0,1,0.1615556308242793,True
31420,"Macon-Bibb County, GA",True,0,0,0.0,True
31540,"Madison, WI",True,0,0,0.0,True
31740,"Manhattan, KS",False,1,0,0.2372487532114251,True
31860,"Mankato, MN",True,0,0,0.0,True
31900,"Mansfield, OH",True,0,0,0.0,True
32420,"Mayaguez, PR",False,4,0,0.3816822363513658,True
32580,"McAllen-Edinburg-Mission, TX",True,0,0,0.0,True
32780,"Medford, OR",True,0,0,0.0,True
32820,"Memphis, TN-MS-AR",True,0,0,0.0,True
32900,"Merced, CA",True,0,0,0.0,True
33100,"Miami-Fort Lauderdale-West Palm Beach, FL",False,0,1,0.3107758293676065,True
33140,"Michigan City-La Porte, IN",True,0,0,0.0,True
33220,"Midland, MI",True,0,0,0.0,True
33260,"Midland, TX",True,0,0,0.0,True
33340,"Milwaukee-Waukesha, WI",True,0,0,0.0,True
33460,"Minneapolis-St. Paul-Bloomington, MN-WI",False,0,1,0.0020036306778348,True
33540,"Missoula, MT",False,1,0,0.0183327102803738,True
33660,"Mobile, AL",True,0,0,0.0,True
33700,"Modesto, CA",True,0,0,0.0,True
33740,"Monroe, LA",False,2,0,0.1425821752231247,True
33780,"Monroe, MI",True,0,0,0.0,True
33860,"Montgomery, AL",True,0,0,0.0,True
34060,"Morgantown, WV",True,0,0,0.0,True
34100,"Morristown, TN",True,0,0,0.0,True
34580,"Mount Vernon-Anacortes, WA",True,0,0,0.0,True
34620,"Muncie, IN",True,0,0,0.0,True
34740,"Muskegon-Norton Shores, MI",True,0,0,0.0,True
34820,"Myrtle Beach-Conway-North Myrtle Beach, SC",False,0,1,0.2221612106138665,True
34900,"Napa, CA",True,0,0,0.0,True
34940,"Naples-Marco Island, FL",True,0,0,0.0,True
34980,"Nashville-Davidson--Murfreesboro--Franklin, TN",True,0,0,0.0,True
35380,"New Orleans-Metairie, LA",False,0,1,0.1789202304564525,True
35620,"New York-Newark-Jersey City, NY-NJ",False,0,3,0.0288148017060741,True
35660,"Niles, MI",True,0,0,0.0,True
35840,"North Port-Bradenton-Sarasota, FL",True,0,0,0.0,True
36100,"Ocala, FL",True,0,0,0.0,True
36220,"Odessa, TX",True,0,0,0.0,True
36260,"Ogden, UT",False,0,1,0.0814960804136414,True
36420,"Oklahoma City, OK",True,0,0,0.0,True
36500,"Olympia-Lacey-Tumwater, WA",True,0,0,0.0,True
36540,"Omaha, NE-IA",True,0,0,0.0,True
36740,"Orlando-Kissimmee-Sanford, FL",True,0,0,0.0,True
36780,"Oshkosh-Neenah, WI",True,0,0,0.0,True
36980,"Owensboro, KY",False,0,1,0.0688730385164051,True
37100,"Oxnard-Thousand Oaks-Ventura, CA",True,0,0,0.0,True
37340,"Palm Bay-Melbourne-Titusville, FL",True,0,0,0.0,True
37460,"Panama City-Panama City Beach, FL",False,1,1,0.1155163555403322,True
37620,"Parkersburg-Vienna, WV",True,0,0,0.0,True
37860,"Pensacola-Ferry Pass-Brent, FL",True,0,0,0.0,True
37900,"Peoria, IL",True,0,0,0.0,True
37980,"Philadelphia-Camden-Wilmington, PA-NJ-DE-MD",True,0,0,0.0,True
38060,"Phoenix-Mesa-Chandler, AZ",True,0,0,0.0,True
38300,"Pittsburgh, PA",False,1,0,0.0242934329522793,True
38540,"Pocatello, ID",True,0,0,0.0,True
38660,"Ponce, PR",False,0,1,0.0453290254880843,True
38900,"Portland-Vancouver-Hillsboro, OR-WA",True,0,0,0.0,True
38940,"Port St. Lucie, FL",True,0,0,0.0,True
39340,"Provo-Orem-Lehi, UT",True,0,0,0.0,True
39380,"Pueblo, CO",True,0,0,0.0,True
39460,"Punta Gorda, FL",True,0,0,0.0,True
39540,"Racine-Mount Pleasant, WI",True,0,0,0.0,True
39580,"Raleigh-Cary, NC",True,0,0,0.0,True
39660,"Rapid City, SD",True,0,0,0.0,True
39740,"Reading, PA",True,0,0,0.0,True
39820,"Redding, CA",True,0,0,0.0,True
39900,"Reno, NV",False,1,0,0.0502324493435864,True
40060,"Richmond, VA",False,1,1,0.0115873166142975,True
40140,"Riverside-San Bernardino-Ontario, CA",True,0,0,0.0,True
40220,"Roanoke, VA",True,0,0,0.0,True
40340,"Rochester, MN",True,0,0,0.0,True
40380,"Rochester, NY",False,0,1,0.0139868768545846,True
40420,"Rockford, IL",True,0,0,0.0,True
40580,"Rocky Mount, NC",True,0,0,0.0,True
40660,"Rome, GA",True,0,0,0.0,True
40900,"Sacramento-Roseville-Folsom, CA",True,0,0,0.0,True
40980,"Saginaw, MI",True,0,0,0.0,True
41060,"St. Cloud, MN",True,0,0,0.0,True
41100,"St. George, UT",True,0,0,0.0,True
41140,"St. Joseph, MO-KS",True,0,0,0.0,True
41180,"St. Louis, MO-IL",True,0,0,0.0,True
41420,"Salem, OR",True,0,0,0.0,True
41500,"Salinas, CA",True,0,0,0.0,True
41540,"Salisbury, MD",False,0,2,0.6942502792524097,True
41620,"Salt Lake City-Murray, UT",True,0,0,0.0,True
41660,"San Angelo, TX",True,0,0,0.0,True
41700,"San Antonio-New Braunfels, TX",True,0,0,0.0,True
41740,"San Diego-Chula Vista-Carlsbad, CA",True,0,0,0.0,True
41860,"San Francisco-Oakland-Fremont, CA",True,0,0,0.0,True
41940,"San Jose-Sunnyvale-Santa Clara, CA",True,0,0,0.0,True
41980,"San Juan-Bayamon-Caguas, PR",True,0,0,0.0,True
42020,"San Luis Obispo-Paso Robles, CA",True,0,0,0.0,True
42100,"Santa Cruz-Watsonville, CA",True,0,0,0.0,True
42140,"Santa Fe, NM",True,0,0,0.0,True
42200,"Santa Maria-Santa Barbara, CA",True,0,0,0.0,True
42220,"Santa Rosa-Petaluma, CA",True,0,0,0.0,True
42340,"Savannah, GA",True,0,0,0.0,True
42540,"Scranton--Wilkes-Barre, PA",True,0,0,0.0,True
42660,"Seattle-Tacoma-Bellevue, WA",True,0,0,0.0,True
42680,"Sebastian-Vero Beach-West Vero Corridor, FL",True,0,0,0.0,True
42700,"Sebring, FL",True,0,0,0.0,True
43100,"Sheboygan, WI",True,0,0,0.0,True
43300,"Sherman-Denison, TX",True,0,0,0.0,True
43340,"Shreveport-Bossier City, LA",False,0,1,0.0642386838450228,True
43420,"Sierra Vista-Douglas, AZ",True,0,0,0.0,True
43580,"Sioux City, IA-NE-SD",False,0,2,0.1539812978180788,True
43620,"Sioux Falls, SD-MN",False,1,0,0.0210000796966971,True
43780,"South Bend-Mishawaka, IN-MI",True,0,0,0.0,True
43900,"Spartanburg, SC",True,0,0,0.0,True
44060,"Spokane-Spokane Valley, WA",False,0,1,0.0123862301108711,True
44100,"Springfield, IL",True,0,0,0.0,True
44180,"Springfield, MO",True,0,0,0.0,True
44220,"Springfield, OH",True,0,0,0.0,True
44300,"State College, PA",True,0,0,0.0,True
44420,"Staunton-Stuarts Draft, VA",True,0,0,0.0,True
44700,"Stockton-Lodi, CA",True,0,0,0.0,True
44940,"Sumter, SC",True,0,0,0.0,True
45060,"Syracuse, NY",True,0,0,0.0,True
45220,"Tallahassee, FL",True,0,0,0.0,True
45300,"Tampa-St. Petersburg-Clearwater, FL",True,0,0,0.0,True
45460,"Terre Haute, IN",True,0,0,0.0,True
45500,"Texarkana, TX-AR",True,0,0,0.0,True
45780,"Toledo, OH",True,0,0,0.0,True
45820,"Topeka, KS",True,0,0,0.0,True
45940,"Trenton-Princeton, NJ",True,0,0,0.0,True
46060,"Tucson, AZ",True,0,0,0.0,True
46140,"Tulsa, OK",True,0,0,0.0,True
46220,"Tuscaloosa, AL",False,1,0,0.0162173742943905,True
46340,"Tyler, TX",True,0,0,0.0,True
46520,"Urban Honolulu, HI",True,0,0,0.0,True
46540,"Utica-Rome, NY",True,0,0,0.0,True
46660,"Valdosta, GA",True,0,0,0.0,True
46700,"Vallejo, CA",True,0,0,0.0,True
47020,"Victoria, TX",True,0,0,0.0,True
47220,"Vineland, NJ",True,0,0,0.0,True
47260,"Virginia Beach-Chesapeake-Norfolk, VA-NC",False,2,0,0.0045284517771838,True
47300,"Visalia, CA",True,0,0,0.0,True
47380,"Waco, TX",False,1,0,0.0314338362849939,True
47460,"Walla Walla, WA",False,0,1,0.0488801700179826,True
47580,"Warner Robins, GA",False,0,1,0.0356036564550592,True
47900,"Washington-Arlington-Alexandria, DC-VA-MD-WV",False,0,1,0.0070552202593966,True
47940,"Waterloo-Cedar Falls, IA",True,0,0,0.0,True
48060,"Watertown-Fort Drum, NY",True,0,0,0.0,True
48140,"Wausau, WI",True,0,0,0.0,True
48260,"Weirton-Steubenville, WV-OH",True,0,0,0.0,True
48300,"Wenatchee-East Wenatchee, WA",True,0,0,0.0,True
48540,"Wheeling, WV-OH",True,0,0,0.0,True
48620,"Wichita, KS",False,0,1,0.0089828432566948,True
48660,"Wichita Falls, TX",True,0,0,0.0,True
48700,"Williamsport, PA",True,0,0,0.0,True
48900,"Wilmington, NC",False,1,0,0.221352099379948,True
49020,"Winchester, VA-WV",True,0,0,0.0,True
49180,"Winston-Salem, NC",True,0,0,0.0,True
49420,"Yakima, WA",True,0,0,0.0,True
49620,"York-Hanover, PA",True,0,0,0.0,True
49660,"Youngstown-Warren, OH",False,0,1,0.2131543531522826,True
49700,"Yuba City, CA",True,0,0,0.0,True
49740,"Yuma, AZ",True,0,0,0.0,True
