area,title,kind,spm_name,idx,acs_idx,rent,acs_rent_thr,diff,a_median,tot_emp
10180,"Abilene, TX",metro,"Abilene, TX MSA",0.827,0.8094170403587444,36408.0,36101.0,-307.0,42120,74090.0
10420,"Akron, OH",metro,"Akron, OH MSA",0.771,0.7690582959641256,35430.0,35396.0,-34.0,47530,320080.0
10500,"Albany, GA",state_metro,Georgia Metro,0.652,0.6292974588938715,33351.0,32955.0,-396.0,40590,58980.0
10540,"Albany, OR",state_metro,Oregon Metro,0.983,0.9357249626307922,39133.0,38307.0,-826.0,48010,45880.0
10580,"Albany-Schenectady-Troy, NY",metro,"Albany-Schenectady-Troy, NY MSA",0.985,0.9798206278026906,39168.0,39078.0,-90.0,56460,442970.0
10740,"Albuquerque, NM",metro,"Albuquerque, NM MSA",0.831,0.8393124065769806,36478.0,36623.0,145.0,46940,401280.0
10780,"Alexandria, LA",state_metro,Louisiana Metro,0.696,0.6591928251121076,34120.0,33477.0,-643.0,39510,59310.0
10900,"Allentown-Bethlehem-Easton, PA-NJ",metro,"Allentown-Bethlehem-Easton, PA-NJ MSA",1.025,1.0239162929745889,39867.0,39848.0,-19.0,47770,370040.0
11020,"Altoona, PA",state_metro,Pennsylvania Metro,0.758,0.6397608370702541,35203.0,33138.0,-2065.0,43100,58090.0
11100,"Amarillo, TX",metro,"Amarillo, TX MSA",0.785,0.7705530642750373,35674.0,35422.0,-252.0,42060,122390.0
11180,"Ames, IA",state_metro,Iowa Metro,0.744,0.7399103139013453,34958.0,34887.0,-71.0,48860,56310.0
11200,"Amherst Town-Northampton, MA",state_metro,Massachusetts Metro,0.843,1.0747384155455904,36688.0,40735.0,4047.0,56860,70240.0
11260,"Anchorage, AK",state_metro,Alaska Metro,1.067,1.04559043348281,40600.0,40226.0,-374.0,59060,174740.0
11460,"Ann Arbor, MI",metro,"Ann Arbor, MI MSA",1.116,1.1068759342301944,41456.0,41297.0,-159.0,51990,217820.0
11500,"Anniston-Oxford, AL",none,,,0.5852017937219731,,32185.0,,39610,43320.0
11540,"Appleton, WI",metro,"Appleton, WI MSA",0.763,0.7608370702541106,35290.0,35252.0,-38.0,48490,123920.0
11700,"Asheville, NC",metro,"Asheville, NC MSA",0.881,0.9043348281016442,37351.0,37759.0,408.0,44990,187430.0
12020,"Athens-Clarke County, GA",metro,"Athens-Clarke County, GA MSA",0.855,0.8385650224215246,36897.0,36610.0,-287.0,39340,95250.0
12060,"Atlanta-Sandy Springs-Roswell, GA",metro,"Atlanta-Sandy Springs-Roswell, GA MSA",1.144,1.133034379671151,41945.0,41754.0,-191.0,49770,2871980.0
12100,"Atlantic City-Hammonton, NJ",metro,"Atlantic City-Hammonton, NJ MSA",1.045,1.0373692077727952,40216.0,40083.0,-133.0,46290,166720.0
12220,"Auburn-Opelika, AL",metro,"Auburn-Opelika, AL MSA",0.735,0.7144992526158446,34801.0,34443.0,-358.0,38060,71720.0
12260,"Augusta-Richmond County, GA-SC",metro,"Augusta-Richmond County, GA-SC MSA",0.762,0.7630792227204783,35273.0,35292.0,19.0,44280,229650.0
12420,"Austin-Round Rock-San Marcos, TX",metro,"Austin-Round Rock, TX MSA",1.288,1.2832585949177877,44461.0,44378.0,-83.0,52610,1260220.0
12540,"Bakersfield-Delano, CA",metro,"Bakersfield, CA MSA",0.845,0.8505231689088192,36723.0,36819.0,96.0,46930,335190.0
12580,"Baltimore-Columbia-Towson, MD",metro,"Baltimore-Columbia-Towson, MD MSA",1.214,1.2130044843049328,43168.0,43151.0,-17.0,57340,1340750.0
12620,"Bangor, ME",metro,"Bangor, ME MSA",0.817,0.820627802690583,36233.0,36297.0,64.0,47120,71650.0
12700,"Barnstable Town, MA",metro,"Barnstable Town, MA MSA",1.295,1.2787742899850523,44583.0,44299.0,-284.0,53640,93510.0
12940,"Baton Rouge, LA",metro,"Baton Rouge, LA MSA",0.818,0.8153961136023916,36251.0,36205.0,-46.0,47940,403240.0
12980,"Battle Creek, MI",metro,"Battle Creek, MI MSA",0.751,0.749626307922272,35081.0,35057.0,-24.0,48200,53610.0
13020,"Bay City, MI",state_metro,Michigan Metro,0.709,0.64050822122571,34347.0,33151.0,-1196.0,41940,33370.0
13140,"Beaumont-Port Arthur, TX",metro,"Beaumont-Port Arthur, TX MSA",0.78,0.7892376681614349,35587.0,35749.0,162.0,46740,158920.0
13220,"Beckley, WV",state_metro,West Virginia Metro,0.621,0.5866965620328849,32810.0,32211.0,-599.0,38460,42810.0
13380,"Bellingham, WA",state_metro,Washington Metro,0.863,1.1038863976083706,37037.0,41245.0,4208.0,54860,90970.0
13460,"Bend, OR",metro,"Bend-Redmond, OR MSA",1.152,1.0799701046337817,42085.0,40827.0,-1258.0,50620,107570.0
13740,"Billings, MT",metro,"Billings, MT MSA",0.792,0.7989536621823617,35797.0,35918.0,121.0,47640,93790.0
13780,"Binghamton, NY",metro,"Binghamton, NY MSA",0.715,0.7122571001494769,34452.0,34404.0,-48.0,48380,96360.0
13820,"Birmingham, AL",metro,"Birmingham-Hoover, AL MSA",0.804,0.7997010463378177,36006.0,35931.0,-75.0,46330,517920.0
13900,"Bismarck, ND",state_metro,North Dakota Metro,0.72,0.7399103139013453,34539.0,34887.0,348.0,49990,70140.0
13980,"Blacksburg-Christiansburg-Radford, VA",metro,"Blacksburg-Christiansburg-Radford, VA MSA",0.814,0.7638266068759342,36181.0,35305.0,-876.0,47700,74400.0
14010,"Bloomington, IL",metro,"Bloomington, IL MSA",0.763,0.7742899850523169,35290.0,35487.0,197.0,51270,90160.0
14020,"Bloomington, IN",metro,"Bloomington, IN MSA",0.836,0.8542600896860987,36565.0,36884.0,319.0,46430,73180.0
14260,"Boise City, ID",metro,"Boise City, ID MSA",0.98,0.9693572496263079,39081.0,38895.0,-186.0,47580,386560.0
14460,"Boston-Cambridge-Newton, MA-NH",metro,"Boston-Cambridge-Newton, MA-NH MSA",1.553,1.5523168908819134,49090.0,49078.0,-12.0,64620,2707940.0
14500,"Boulder, CO",metro,"Boulder, CO MSA",1.43,1.4080717488789238,46941.0,46558.0,-383.0,67510,195570.0
14540,"Bowling Green, KY",metro,"Bowling Green, KY MSA",0.718,0.7040358744394619,34504.0,34260.0,-244.0,43640,80400.0
14580,"Bozeman, MT",state_metro,Montana Metro,0.812,1.100149476831091,36146.0,41179.0,5033.0,49920,71630.0
14740,"Bremerton-Silverdale-Port Orchard, WA",state_metro,Washington Metro,0.863,1.2847533632286996,37037.0,44404.0,7367.0,61090,93560.0
14860,"Bridgeport-Stamford-Danbury, CT",metro,"Bridgeport-Stamford-Norwalk, CT MSA",1.42,1.4215246636771302,46766.0,46793.0,27.0,60440,402330.0
15180,"Brownsville-Harlingen, TX",metro,"Brownsville-Harlingen, TX MSA",0.643,0.6464872944693573,33194.0,33255.0,61.0,35050,157630.0
15260,"Brunswick-St. Simons, GA",state_metro,Georgia Metro,0.652,0.7414050822122571,33351.0,34913.0,1562.0,39850,46150.0
15380,"Buffalo-Cheektowaga, NY",metro,"Buffalo-Cheektowaga-Niagara Falls, NY MSA",0.759,0.7571001494768311,35220.0,35187.0,-33.0,50190,531990.0
15500,"Burlington, NC",metro,"Burlington, NC MSA",0.724,0.7301943198804185,34609.0,34717.0,108.0,40980,68010.0
15540,"Burlington-South Burlington, VT",metro,"Burlington-South Burlington, VT MSA",1.217,1.20254110612855,43220.0,42968.0,-252.0,57920,121320.0
15940,"Canton-Massillon, OH",metro,"Canton-Massillon, OH MSA",0.662,0.6539611360239163,33526.0,33386.0,-140.0,44460,165140.0
15980,"Cape Coral-Fort Myers, FL",metro,"Cape Coral-Fort Myers, FL MSA",1.126,1.1180866965620329,41631.0,41493.0,-138.0,45130,300380.0
16020,"Cape Girardeau, MO-IL",state_metro,Missouri Metro,0.592,0.6502242152466368,32303.0,33320.0,1017.0,42060,44760.0
16180,"Carson City, NV",state_metro,Nevada Metro,1.138,0.9013452914798207,41841.0,37707.0,-4134.0,51830,31010.0
16220,"Casper, WY",state_metro,Wyoming Metro,0.751,0.7002989536621823,35081.0,34195.0,-886.0,47640,39730.0
16300,"Cedar Rapids, IA",metro,"Cedar Rapids, IA MSA",0.742,0.7234678624813154,34923.0,34600.0,-323.0,48570,139240.0
16540,"Chambersburg, PA",metro,"Chambersburg-Waynesboro, PA MSA",0.795,0.7877428998505231,35849.0,35722.0,-127.0,46670,57940.0
16580,"Champaign-Urbana, IL",metro,"Champaign-Urbana, IL MSA",0.78,0.7742899850523169,35587.0,35487.0,-100.0,48600,104620.0
16620,"Charleston, WV",metro,"Charleston, WV MSA",0.692,0.6778774289985052,34050.0,33803.0,-247.0,45170,106820.0
16700,"Charleston-North Charleston, SC",metro,"Charleston-North Charleston, SC MSA",1.099,1.0919282511210762,41159.0,41036.0,-123.0,47620,388220.0
16740,"Charlotte-Concord-Gastonia, NC-SC",metro,"Charlotte-Concord-Gastonia, NC-SC MSA",0.989,0.9798206278026906,39238.0,39078.0,-160.0,48880,1340800.0
16820,"Charlottesville, VA",metro,"Charlottesville, VA MSA",1.176,1.1449925261584455,42504.0,41963.0,-541.0,51740,112830.0
16860,"Chattanooga, TN-GA",metro,"Chattanooga, TN-GA MSA",0.8,0.7907324364723468,35937.0,35775.0,-162.0,45440,269330.0
16940,"Cheyenne, WY",state_metro,Wyoming Metro,0.751,0.7772795216741405,35081.0,35540.0,459.0,50100,47490.0
16980,"Chicago-Naperville-Elgin, IL-IN",metro,"Chicago-Naperville-Elgin, IL-IN-WI MSA",1.038,1.039611360239163,40094.0,40122.0,28.0,51510,4473740.0
17020,"Chico, CA",metro,"Chico, CA MSA",1.005,1.000747384155456,39517.0,39443.0,-74.0,47360,78260.0
17140,"Cincinnati, OH-KY-IN",metro,"Cincinnati, OH-KY-IN MSA",0.808,0.8131539611360239,36076.0,36166.0,90.0,48490,1092300.0
17300,"Clarksville, TN-KY",metro,"Clarksville, TN-KY MSA",0.831,0.78101644245142,36478.0,35605.0,-873.0,42990,100910.0
17410,"Cleveland, OH",metro,"Cleveland-Elyria, OH MSA",0.776,0.7705530642750373,35517.0,35422.0,-95.0,49000,1036780.0
17420,"Cleveland, TN",metro,"Cleveland, TN MSA",0.701,0.7017937219730942,34207.0,34221.0,14.0,39650,44770.0
17660,"Coeur d'Alene, ID",metro,"Coeur d'Alene, ID MSA",0.904,0.8893871449925261,37753.0,37498.0,-255.0,46010,71680.0
17780,"College Station-Bryan, TX",metro,"College Station-Bryan, TX MSA",0.798,0.804185351270553,35902.0,36010.0,108.0,43010,132440.0
17820,"Colorado Springs, CO",metro,"Colorado Springs, CO MSA",1.127,1.1195814648729447,41648.0,41519.0,-129.0,51410,318850.0
17860,"Columbia, MO",state_metro,Missouri Metro,0.592,0.7212257100149477,32303.0,34561.0,2258.0,45670,105740.0
17900,"Columbia, SC",metro,"Columbia, SC MSA",0.816,0.8191330343796711,36216.0,36271.0,55.0,45380,385940.0
17980,"Columbus, GA-AL",metro,"Columbus, GA-AL MSA",0.746,0.7100149476831091,34993.0,34365.0,-628.0,40780,116210.0
18020,"Columbus, IN",state_metro,Indiana Metro,0.692,0.8931240657698056,34050.0,37563.0,3513.0,46490,50880.0
18140,"Columbus, OH",metro,"Columbus, OH MSA",0.94,0.9312406576980568,38382.0,38229.0,-153.0,49510,1085150.0
18580,"Corpus Christi, TX",metro,"Corpus Christi, TX MSA",0.939,0.9327354260089686,38364.0,38255.0,-109.0,43770,187690.0
18700,"Corvallis, OR",state_metro,Oregon Metro,0.983,1.0284005979073243,39133.0,39926.0,793.0,54310,38600.0
18880,"Crestview-Fort Walton Beach-Destin, FL",state_metro,Florida Metro,0.729,1.0269058295964126,34696.0,39900.0,5204.0,45980,124720.0
19100,"Dallas-Fort Worth-Arlington, TX",metro,"Dallas-Fort Worth-Arlington, TX MSA",1.162,1.164424514200299,42260.0,42302.0,42.0,49740,4003820.0
19140,"Dalton, GA",state_metro,Georgia Metro,0.652,0.617339312406577,33351.0,32746.0,-605.0,40820,66420.0
19300,"Daphne-Fairhope-Foley, AL",metro,"Daphne-Fairhope-Foley, AL MSA",0.882,0.8968609865470852,37369.0,37628.0,259.0,37430,84090.0
19340,"Davenport-Moline-Rock Island, IA-IL",metro,"Davenport-Moline-Rock Island, IA-IL MSA",0.7,0.6965620328849028,34190.0,34130.0,-60.0,47470,179940.0
19430,"Dayton-Kettering-Beavercreek, OH",metro,"Dayton, OH MSA",0.732,0.7279521674140508,34749.0,34678.0,-71.0,48580,373320.0
19460,"Decatur, AL",none,,,0.594170403587444,,32341.0,,44470,59180.0
19500,"Decatur, IL",state_metro,Illinois Metro,0.706,0.617339312406577,34295.0,32746.0,-1549.0,49640,45270.0
19660,"Deltona-Daytona Beach-Ormond Beach, FL",metro,"Deltona-Daytona Beach-Ormond Beach, FL MSA",1.008,1.0112107623318385,39570.0,39626.0,56.0,41750,217920.0
19740,"Denver-Aurora-Centennial, CO",metro,"Denver-Aurora-Lakewood, CO MSA",1.417,1.405829596412556,46714.0,46519.0,-195.0,61110,1618390.0
19780,"Des Moines-West Des Moines, IA",metro,"Des Moines-West Des Moines, IA MSA",0.85,0.8423019431988041,36810.0,36675.0,-135.0,50450,405130.0
19820,"Detroit-Warren-Dearborn, MI",metro,"Detroit-Warren-Dearborn, MI MSA",0.904,0.8968609865470852,37753.0,37628.0,-125.0,50740,1909060.0
20020,"Dothan, AL",none,,,0.600896860986547,,32459.0,,36730,60210.0
20100,"Dover, DE",metro,"Dover, DE MSA",0.917,0.8998505231689088,37980.0,37681.0,-299.0,45190,68450.0
20220,"Dubuque, IA",state_metro,Iowa Metro,0.744,0.7152466367713004,34958.0,34456.0,-502.0,47910,58930.0
20260,"Duluth, MN-WI",state_metro,Minnesota Metro,0.78,0.7533632286995515,35587.0,35122.0,-465.0,48610,124530.0
20500,"Durham-Chapel Hill, NC",metro,"Durham-Chapel Hill, NC MSA",1.025,1.0336322869955157,39867.0,40017.0,150.0,59740,342530.0
20580,"Eagle Pass, TX",state_metro,Texas Metro,0.819,0.5769805680119582,36268.0,32041.0,-4227.0,33640,18480.0
20740,"Eau Claire, WI",none,,,0.7354260089686099,,34809.0,,47370,85190.0
20940,"El Centro, CA",none,,,0.7571001494768311,,35187.0,,44470,63230.0
21060,"Elizabethtown, KY",state_metro,Kentucky Metro,0.656,0.6427503736920778,33421.0,33190.0,-231.0,44810,51330.0
21140,"Elkhart-Goshen, IN",metro,"Elkhart-Goshen, IN MSA",0.752,0.7518684603886397,35098.0,35096.0,-2.0,47050,128550.0
21300,"Elmira, NY",none,,,0.7847533632286996,,35670.0,,47220,33720.0
21340,"El Paso, TX",metro,"El Paso, TX MSA",0.741,0.7361733931240658,34906.0,34822.0,-84.0,37880,332330.0
21420,"Enid, OK",state_metro,Oklahoma Metro,0.513,0.6644245142002989,30923.0,33568.0,2645.0,38790,23420.0
21500,"Erie, PA",metro,"Erie, PA MSA",0.683,0.6868460388639761,33893.0,33960.0,67.0,43410,119610.0
21660,"Eugene-Springfield, OR",metro,"Eugene, OR MSA",0.982,0.9730941704035875,39116.0,38960.0,-156.0,48200,157600.0
21780,"Evansville, IN",metro,"Evansville, IN-KY MSA",0.756,0.7563527653213752,35168.0,35174.0,6.0,45220,134960.0
21820,"Fairbanks-College, AK",state_metro,Alaska Metro,1.067,1.1038863976083706,40600.0,41245.0,645.0,58820,35970.0
22020,"Fargo, ND-MN",metro,"Fargo, ND-MN MSA",0.716,0.7212257100149477,34469.0,34561.0,92.0,49690,147570.0
22140,"Farmington, NM",metro,"Farmington, NM MSA",0.663,0.6584454409566517,33543.0,33464.0,-79.0,43620,46030.0
22180,"Fayetteville, NC",metro,"Fayetteville, NC MSA",0.795,0.7959641255605381,35849.0,35866.0,17.0,44600,132690.0
22220,"Fayetteville-Springdale-Rogers, AR",metro,"Fayetteville-Springdale-Rogers, AR-MO MSA",0.762,0.7593423019431988,35273.0,35226.0,-47.0,44870,266970.0
22380,"Flagstaff, AZ",state_metro,Arizona Metro,1.108,1.094170403587444,41316.0,41075.0,-241.0,45900,65850.0
22420,"Flint, MI",metro,"Flint, MI MSA",0.722,0.7204783258594918,34574.0,34547.0,-27.0,45010,133920.0
22500,"Florence, SC",metro,"Florence, SC MSA",0.633,0.6390134529147982,33019.0,33124.0,105.0,40200,89940.0
22520,"Florence-Muscle Shoals, AL",metro,"Florence-Muscle Shoals, AL MSA",0.63,0.6165919282511211,32967.0,32733.0,-234.0,38640,55490.0
22540,"Fond du Lac, WI",none,,,0.7414050822122571,,34913.0,,49590,44700.0
22660,"Fort Collins-Loveland, CO",metro,"Fort Collins, CO MSA",1.185,1.20254110612855,42661.0,42968.0,307.0,53620,175790.0
22900,"Fort Smith, AR-OK",metro,"Fort Smith, AR-OK MSA",0.621,0.6150971599402093,32810.0,32707.0,-103.0,38340,96450.0
23060,"Fort Wayne, IN",metro,"Fort Wayne, IN MSA",0.731,0.7301943198804185,34731.0,34717.0,-14.0,46630,224020.0
23420,"Fresno, CA",metro,"Fresno, CA MSA",0.94,0.9267563527653214,38382.0,38151.0,-231.0,45810,470480.0
23460,"Gadsden, AL",none,,,0.6023916292974589,,32485.0,,35220,33060.0
23540,"Gainesville, FL",metro,"Gainesville, FL MSA",0.985,0.9499252615844545,39168.0,38555.0,-613.0,46950,151400.0
23580,"Gainesville, GA",metro,"Gainesville, GA MSA",0.895,0.8834080717488789,37596.0,37393.0,-203.0,44300,102560.0
23900,"Gettysburg, PA",state_metro,Pennsylvania Metro,0.758,0.8183856502242153,35203.0,36258.0,1055.0,45160,32130.0
24020,"Glens Falls, NY",metro,"Glens Falls, NY MSA",0.808,0.8176382660687593,36076.0,36245.0,169.0,48360,50290.0
24140,"Goldsboro, NC",metro,"Goldsboro, NC MSA",0.678,0.6756352765321375,33805.0,33764.0,-41.0,38540,41010.0
24220,"Grand Forks, ND-MN",state_metro,North Dakota Metro,0.72,0.695067264573991,34539.0,34104.0,-435.0,48280,51240.0
24260,"Grand Island, NE",state_metro,Nebraska Metro,0.779,0.7077727952167414,35570.0,34326.0,-1244.0,48660,39520.0
24300,"Grand Junction, CO",none,,,0.7855007473841554,,35683.0,,47250,66890.0
24340,"Grand Rapids-Wyoming-Kentwood, MI",metro,"Grand Rapids-Wyoming, MI MSA",0.881,0.8714499252615845,37351.0,37185.0,-166.0,47510,561410.0
24420,"Grants Pass, OR",state_metro,Oregon Metro,0.983,0.8333333333333334,39133.0,36519.0,-2614.0,49010,31030.0
24500,"Great Falls, MT",state_metro,Montana Metro,0.812,0.6905829596412556,36146.0,34025.0,-2121.0,44770,36770.0
24540,"Greeley, CO",metro,"Greeley, CO MSA",1.045,1.0433482810164425,40216.0,40187.0,-29.0,52110,115470.0
24580,"Green Bay, WI",metro,"Green Bay, WI MSA",0.763,0.7473841554559043,35290.0,35017.0,-273.0,48580,171070.0
24660,"Greensboro-High Point, NC",metro,"Greensboro-High Point, NC MSA",0.754,0.7481315396113603,35133.0,35030.0,-103.0,44910,358650.0
24780,"Greenville, NC",metro,"Greenville, NC MSA",0.719,0.7137518684603886,34522.0,34430.0,-92.0,44980,81410.0
24860,"Greenville-Anderson-Greer, SC",metro,"Greenville-Anderson-Mauldin, SC MSA",0.802,0.8079222720478326,35971.0,36075.0,104.0,44920,427770.0
25060,"Gulfport-Biloxi, MS",state_metro,Mississippi Metro,0.716,0.7257100149476831,34469.0,34639.0,170.0,41610,158310.0
25180,"Hagerstown-Martinsburg, MD-WV",metro,"Hagerstown-Martinsburg, MD-WV MSA",0.868,0.8221225710014948,37124.0,36323.0,-801.0,45920,105920.0
25220,"Hammond, LA",state_metro,Louisiana Metro,0.696,0.7227204783258595,34120.0,34587.0,467.0,36960,47380.0
25260,"Hanford-Corcoran, CA",metro,"Hanford-Corcoran, CA MSA",0.851,0.8400597907324364,36827.0,36636.0,-191.0,47920,47230.0
25420,"Harrisburg-Carlisle, PA",metro,"Harrisburg-Carlisle, PA MSA",0.9,0.8834080717488789,37683.0,37393.0,-290.0,48510,330750.0
25500,"Harrisonburg, VA",state_metro,Virginia Metro,0.748,0.7884902840059791,35028.0,35735.0,707.0,45610,65270.0
25540,"Hartford-West Hartford-East Hartford, CT",metro,"Hartford-West Hartford-East Hartford, CT MSA",1.1,1.0889387144992526,41177.0,40984.0,-193.0,59270,592620.0
25620,"Hattiesburg, MS",state_metro,Mississippi Metro,0.716,0.7174887892376681,34469.0,34495.0,26.0,36360,62320.0
25740,"Helena, MT",state_metro,Montana Metro,0.812,0.7869955156950673,36146.0,35709.0,-437.0,49300,43730.0
25860,"Hickory-Lenoir-Morganton, NC",metro,"Hickory-Lenoir-Morganton, NC MSA",0.598,0.5949177877428998,32408.0,32354.0,-54.0,43270,155050.0
25940,"Hilton Head Island-Bluffton-Port Royal, SC",metro,"Hilton Head Island-Bluffton-Beaufort, SC MSA",1.065,1.0665171898355754,40565.0,40592.0,27.0,40090,81820.0
25980,"Hinesville, GA",state_metro,Georgia Metro,0.652,0.7742899850523169,33351.0,35487.0,2136.0,45840,20190.0
26140,"Homosassa Springs, FL",state_metro,Florida Metro,0.729,0.7316890881913304,34696.0,34743.0,47.0,38560,34980.0
26300,"Hot Springs, AR",state_metro,Arkansas Metro,0.673,0.6913303437967115,33718.0,34038.0,320.0,36010,37840.0
26380,"Houma-Bayou Cane-Thibodaux, LA",state_metro,Louisiana Metro,0.696,0.7414050822122571,34120.0,34913.0,793.0,44150,82770.0
26420,"Houston-Pasadena-The Woodlands, TX",metro,"Houston-The Woodlands-Sugar Land, TX MSA",1.029,1.0328849028400597,39937.0,40004.0,67.0,48490,3246360.0
26580,"Huntington-Ashland, WV-KY-OH",metro,"Huntington-Ashland, WV-KY-OH MSA",0.664,0.6397608370702541,33561.0,33138.0,-423.0,42390,140160.0
26620,"Huntsville, AL",metro,"Huntsville, AL MSA",0.778,0.7817638266068759,35552.0,35618.0,66.0,50470,260190.0
26820,"Idaho Falls, ID",metro,"Idaho Falls, ID MSA",0.732,0.7257100149476831,34749.0,34639.0,-110.0,45080,81000.0
26900,"Indianapolis-Carmel-Greenwood, IN",metro,"Indianapolis-Carmel-Anderson, IN MSA",0.85,0.8460388639760837,36810.0,36741.0,-69.0,48210,1096770.0
26980,"Iowa City, IA",metro,"Iowa City, IA MSA",0.804,0.7952167414050823,36006.0,35853.0,-153.0,49390,92330.0
27060,"Ithaca, NY",none,,,1.1188340807174888,,41506.0,,56350,48030.0
27100,"Jackson, MI",metro,"Jackson, MI MSA",0.714,0.7219730941704036,34434.0,34574.0,140.0,46710,56310.0
27140,"Jackson, MS",metro,"Jackson, MS MSA",0.8,0.7802690582959642,35937.0,35592.0,-345.0,42010,268750.0
27180,"Jackson, TN",none,,,0.6681614349775785,,33634.0,,43170,84400.0
27260,"Jacksonville, FL",metro,"Jacksonville, FL MSA",1.059,1.0523168908819134,40461.0,40344.0,-117.0,47030,756360.0
27340,"Jacksonville, NC",metro,"Jacksonville, NC MSA",0.75,0.7458893871449925,35063.0,34991.0,-72.0,37610,52970.0
27500,"Janesville-Beloit, WI",metro,"Janesville-Beloit, WI MSA",0.776,0.7795216741405082,35517.0,35579.0,62.0,47410,69210.0
27620,"Jefferson City, MO",state_metro,Missouri Metro,0.592,0.5754857997010463,32303.0,32015.0,-288.0,45440,78020.0
27740,"Johnson City, TN",metro,"Johnson City, TN MSA",0.674,0.6636771300448431,33736.0,33555.0,-181.0,41170,81910.0
27780,"Johnstown, PA",metro,"Johnstown, PA MSA",0.564,0.5635276532137519,31814.0,31806.0,-8.0,42020,48550.0
27860,"Jonesboro, AR",state_metro,Arkansas Metro,0.673,0.6554559043348281,33718.0,33412.0,-306.0,39900,59780.0
27900,"Joplin, MO-KS",state_metro,Missouri Metro,0.592,0.6539611360239163,32303.0,33386.0,1083.0,43610,86790.0
27980,"Kahului-Wailuku, HI",metro,"Kahului-Wailuku-Lahaina, HI MSA",1.449,1.4237668161434978,47273.0,46832.0,-441.0,54790,71920.0
28020,"Kalamazoo-Portage, MI",metro,"Kalamazoo-Portage, MI MSA",0.789,0.8153961136023916,35744.0,36205.0,461.0,47360,119780.0
28100,"Kankakee, IL",state_metro,Illinois Metro,0.706,0.796711509715994,34295.0,35879.0,1584.0,45260,42490.0
28140,"Kansas City, MO-KS",metro,"Kansas City, MO-KS MSA",0.893,0.8893871449925261,37561.0,37498.0,-63.0,49480,1093430.0
28420,"Kennewick-Richland, WA",metro,"Kennewick-Richland, WA MSA",0.927,0.929745889387145,38155.0,38203.0,48.0,55490,127290.0
28450,"Kenosha, WI",none,,,0.8789237668161435,,37315.0,,47590,74050.0
28660,"Killeen-Temple, TX",metro,"Killeen-Temple, TX MSA",0.779,0.7757847533632287,35570.0,35514.0,-56.0,44610,148640.0
28700,"Kingsport-Bristol, TN-VA",metro,"Kingsport-Bristol-Bristol, TN-VA MSA",0.609,0.6068759342301944,32600.0,32563.0,-37.0,43800,117550.0
28740,"Kingston, NY",none,,,1.1741405082212257,,42472.0,,49050,58400.0
28880,"Kiryas Joel-Poughkeepsie-Newburgh, NY",none,,,1.251121076233184,,43816.0,,49730,264070.0
28940,"Knoxville, TN",metro,"Knoxville, TN MSA",0.809,0.8146487294469357,36094.0,36192.0,98.0,45460,418120.0
29020,"Kokomo, IN",state_metro,Indiana Metro,0.692,0.6890881913303438,34050.0,33999.0,-51.0,47310,35550.0
29100,"La Crosse-Onalaska, WI-MN",none,,,0.8004484304932735,,35944.0,,48060,83080.0
29180,"Lafayette, LA",metro,"Lafayette, LA MSA",0.689,0.695067264573991,33998.0,34104.0,106.0,39600,175530.0
29200,"Lafayette-West Lafayette, IN",metro,"Lafayette-West Lafayette, IN MSA",0.82,0.8146487294469357,36286.0,36192.0,-94.0,47070,102060.0
29340,"Lake Charles, LA",metro,"Lake Charles, LA MSA",0.823,0.8116591928251121,36338.0,36140.0,-198.0,45170,100270.0
29420,"Lake Havasu City-Kingman, AZ",state_metro,Arizona Metro,1.108,0.7428998505231689,41316.0,34939.0,-6377.0,42320,55410.0
29460,"Lakeland-Winter Haven, FL",metro,"Lakeland-Winter Haven, FL MSA",0.886,0.8856502242152466,37439.0,37433.0,-6.0,44610,261610.0
29540,"Lancaster, PA",metro,"Lancaster, PA MSA",0.977,0.9828101644245142,39028.0,39130.0,102.0,46960,250210.0
29620,"Lansing-East Lansing, MI",metro,"Lansing-East Lansing, MI MSA",0.834,0.828101644245142,36530.0,36427.0,-103.0,50620,213610.0
29700,"Laredo, TX",metro,"Laredo, TX MSA",0.734,0.7279521674140508,34784.0,34678.0,-106.0,36640,106130.0
29740,"Las Cruces, NM",metro,"Las Cruces, NM MSA",0.629,0.6315396113602392,32950.0,32994.0,44.0,38620,77990.0
29820,"Las Vegas-Henderson-North Las Vegas, NV",metro,"Las Vegas-Henderson-Paradise, NV MSA",1.08,1.0717488789237668,40827.0,40683.0,-144.0,45120,1119360.0
29940,"Lawrence, KS",state_metro,Kansas Metro,0.774,0.7832585949177877,35482.0,35644.0,162.0,45240,51290.0
30020,"Lawton, OK",state_metro,Oklahoma Metro,0.513,0.6494768310911808,30923.0,33307.0,2384.0,40000,42690.0
30140,"Lebanon, PA",state_metro,Pennsylvania Metro,0.758,0.8176382660687593,35203.0,36245.0,1042.0,45810,53350.0
30300,"Lewiston, ID-WA",state_metro,Idaho Metro,0.668,0.7077727952167414,33631.0,34326.0,695.0,47340,27910.0
30340,"Lewiston-Auburn, ME",metro,"Lewiston-Auburn, ME MSA",0.764,0.7757847533632287,35308.0,35514.0,206.0,48070,48280.0
30460,"Lexington-Fayette, KY",metro,"Lexington-Fayette, KY MSA",0.796,0.7862481315396114,35867.0,35696.0,-171.0,47580,282920.0
30500,"Lexington Park, MD",metro,"California-Lexington Park, MD MSA",1.193,1.1778774289985052,42801.0,42537.0,-264.0,62970,71670.0
30620,"Lima, OH",state_metro,Ohio Metro,0.671,0.6778774289985052,33683.0,33803.0,120.0,46430,49640.0
30700,"Lincoln, NE",state_metro,Nebraska Metro,0.779,0.7929745889387145,35570.0,35814.0,244.0,48860,180880.0
30780,"Little Rock-North Little Rock-Conway, AR",metro,"Little Rock-North Little Rock-Conway, AR MSA",0.725,0.7219730941704036,34626.0,34574.0,-52.0,44730,352900.0
30860,"Logan, UT-ID",state_metro,Utah Metro,0.756,0.7443946188340808,35168.0,34965.0,-203.0,44770,66730.0
30980,"Longview, TX",metro,"Longview, TX MSA",0.786,0.772795216741405,35692.0,35461.0,-231.0,42710,117650.0
31020,"Longview-Kelso, WA",state_metro,Washington Metro,0.863,0.843796711509716,37037.0,36702.0,-335.0,54120,40980.0
31080,"Los Angeles-Long Beach-Anaheim, CA",metro,"Los Angeles-Long Beach-Anaheim, CA MSA",1.6,1.5994020926756354,49910.0,49900.0,-10.0,53490,6199940.0
31140,"Louisville/Jefferson County, KY-IN",metro,"Louisville/Jefferson County, KY-IN MSA",0.812,0.8071748878923767,36146.0,36062.0,-84.0,47750,686050.0
31180,"Lubbock, TX",metro,"Lubbock, TX MSA",0.814,0.8056801195814649,36181.0,36036.0,-145.0,39560,165480.0
31340,"Lynchburg, VA",state_metro,Virginia Metro,0.748,0.6786248131539612,35028.0,33816.0,-1212.0,45440,97210.0
31420,"Macon-Bibb County, GA",metro,"Macon, GA MSA",0.754,0.7309417040358744,35133.0,34730.0,-403.0,43680,95070.0
31540,"Madison, WI",metro,"Madison, WI MSA",1.006,1.0119581464872944,39535.0,39639.0,104.0,54620,405450.0
31700,"Manchester-Nashua, NH",metro,"Manchester-Nashua, NH MSA",1.222,1.2174887892376682,43308.0,43229.0,-79.0,54410,202320.0
31740,"Manhattan, KS",state_metro,Kansas Metro,0.774,0.7331838565022422,35482.0,34769.0,-713.0,44510,52890.0
31860,"Mankato, MN",state_metro,Minnesota Metro,0.78,0.7877428998505231,35587.0,35722.0,135.0,48060,55370.0
31900,"Mansfield, OH",state_metro,Ohio Metro,0.671,0.5747384155455905,33683.0,32002.0,-1681.0,43730,49090.0
32580,"McAllen-Edinburg-Mission, TX",metro,"McAllen-Edinburg-Mission, TX MSA",0.696,0.6890881913303438,34120.0,33999.0,-121.0,34670,290580.0
32780,"Medford, OR",metro,"Medford, OR MSA",0.942,0.9372197309417041,38417.0,38333.0,-84.0,48340,88610.0
32820,"Memphis, TN-MS-AR",metro,"Memphis, TN-MS-AR MSA",0.815,0.8056801195814649,36199.0,36036.0,-163.0,45610,620100.0
32900,"Merced, CA",none,,,0.8572496263079222,,36937.0,,45930,78910.0
33100,"Miami-Fort Lauderdale-West Palm Beach, FL",metro,"Miami-Fort Lauderdale-West Palm Beach, FL MSA",1.337,1.3423019431988041,45317.0,45409.0,92.0,47920,2782340.0
33140,"Michigan City-La Porte, IN",state_metro,Indiana Metro,0.692,0.6965620328849028,34050.0,34130.0,80.0,44190,41240.0
33220,"Midland, MI",state_metro,Michigan Metro,0.709,0.7451420029895366,34347.0,34978.0,631.0,50650,37870.0
33260,"Midland, TX",state_metro,Texas Metro,0.819,1.1300448430493273,36268.0,41702.0,5434.0,52320,119220.0
33340,"Milwaukee-Waukesha, WI",metro,"Milwaukee-Waukesha-West Allis, WI MSA",0.837,0.8497757847533632,36583.0,36806.0,223.0,49720,819450.0
33460,"Minneapolis-St. Paul-Bloomington, MN-WI",metro,"Minneapolis-St. Paul-Bloomington, MN-WI MSA",1.117,1.1113602391629298,41474.0,41375.0,-99.0,57640,1931660.0
33500,"Minot, ND",state_metro,North Dakota Metro,0.72,0.71898355754858,34539.0,34521.0,-18.0,48210,33530.0
33540,"Missoula, MT",state_metro,Montana Metro,0.812,0.8565022421524664,36146.0,36923.0,777.0,46660,66580.0
33660,"Mobile, AL",metro,"Mobile, AL MSA",0.745,0.7436472346786248,34976.0,34952.0,-24.0,44600,169130.0
33700,"Modesto, CA",metro,"Modesto, CA MSA",1.047,1.0582959641255605,40251.0,40448.0,197.0,49360,194560.0
33740,"Monroe, LA",metro,"Monroe, LA MSA",0.689,0.6651718983557549,33998.0,33581.0,-417.0,37000,87150.0
33780,"Monroe, MI",metro,"Monroe, MI MSA",0.831,0.8228699551569507,36478.0,36336.0,-142.0,46220,40800.0
33860,"Montgomery, AL",metro,"Montgomery, AL MSA",0.734,0.726457399103139,34784.0,34652.0,-132.0,42600,163140.0
34060,"Morgantown, WV",metro,"Morgantown, WV MSA",0.754,0.7481315396113603,35133.0,35030.0,-103.0,46260,66970.0
34100,"Morristown, TN",none,,,0.6442451420029895,,33216.0,,40320,48040.0
34580,"Mount Vernon-Anacortes, WA",metro,"Mount Vernon-Anacortes, WA MSA",1.026,1.0523168908819134,39884.0,40344.0,460.0,57480,51700.0
34620,"Muncie, IN",state_metro,Indiana Metro,0.692,0.6517189835575485,34050.0,33346.0,-704.0,43000,44580.0
34740,"Muskegon-Norton Shores, MI",metro,"Muskegon, MI MSA",0.768,0.7750373692077728,35378.0,35500.0,122.0,43140,62510.0
34820,"Myrtle Beach-Conway-North Myrtle Beach, SC",metro,"Myrtle Beach-Conway-North Myrtle Beach, SC-NC MSA",0.859,0.8550074738415545,36967.0,36897.0,-70.0,36510,144400.0
34900,"Napa, CA",none,,,1.6696562032884903,,51127.0,,52750,78480.0
34940,"Naples-Marco Island, FL",metro,"Naples-Immokalee-Marco Island, FL MSA",1.239,1.2600896860986548,43605.0,43973.0,368.0,46520,171160.0
34980,"Nashville-Davidson--Murfreesboro--Franklin, TN",metro,"Nashville-Davidson--Murfreesboro--Franklin, TN MSA",1.065,1.047085201793722,40565.0,40252.0,-313.0,48840,1096500.0
35300,"New Haven, CT",metro,"New Haven-Milford, CT MSA",1.079,1.147982062780269,40810.0,42015.0,1205.0,57600,283810.0
35380,"New Orleans-Metairie, LA",metro,"New Orleans-Metairie, LA MSA",0.902,0.9095665171898356,37718.0,37850.0,132.0,45970,441250.0
35620,"New York-Newark-Jersey City, NY-NJ",metro,"New York-Newark-Jersey City, NY-NJ-PA MSA",1.361,1.3565022421524664,45736.0,45657.0,-79.0,60460,9363020.0
35660,"Niles, MI",metro,"Niles-Benton Harbor, MI MSA",0.731,0.726457399103139,34731.0,34652.0,-79.0,45180,59670.0
35840,"North Port-Bradenton-Sarasota, FL",metro,"North Port-Sarasota-Bradenton, FL MSA",1.185,1.1920777279521675,42661.0,42785.0,124.0,46030,334550.0
35980,"Norwich-New London-Willimantic, CT",metro,"Norwich-New London, CT MSA",1.057,1.0448430493273542,40426.0,40213.0,-213.0,54670,124550.0
36100,"Ocala, FL",metro,"Ocala, FL MSA",0.836,0.8236173393124065,36565.0,36349.0,-216.0,42230,118840.0
36220,"Odessa, TX",metro,"Odessa, TX MSA",0.983,0.9813153961136024,39133.0,39104.0,-29.0,47420,79150.0
36260,"Ogden, UT",metro,"Ogden-Clearfield, UT MSA",0.956,0.9708520179372198,38661.0,38921.0,260.0,47520,270300.0
36420,"Oklahoma City, OK",metro,"Oklahoma City, OK MSA",0.786,0.7877428998505231,35692.0,35722.0,30.0,45880,669400.0
36500,"Olympia-Lacey-Tumwater, WA",state_metro,Washington Metro,0.863,1.1995515695067265,37037.0,42916.0,5879.0,60300,127360.0
36540,"Omaha, NE-IA",metro,"Omaha-Council Bluffs, NE-IA MSA",0.875,0.8781763826606876,37247.0,37302.0,55.0,48720,491140.0
36740,"Orlando-Kissimmee-Sanford, FL",metro,"Orlando-Kissimmee-Sanford, FL MSA",1.214,1.2137518684603887,43168.0,43164.0,-4.0,45410,1397600.0
36780,"Oshkosh-Neenah, WI",metro,"Oshkosh-Neenah, WI MSA",0.702,0.70254110612855,34225.0,34234.0,9.0,50320,93760.0
36980,"Owensboro, KY",state_metro,Kentucky Metro,0.656,0.6786248131539612,33421.0,33816.0,395.0,42740,48520.0
37100,"Oxnard-Thousand Oaks-Ventura, CA",metro,"Oxnard-Thousand Oaks-Ventura, CA MSA",1.646,1.6248131539611361,50714.0,50344.0,-370.0,50010,320180.0
37140,"Paducah, KY-IL",state_metro,Kentucky Metro,0.656,0.6584454409566517,33421.0,33464.0,43.0,44140,50590.0
37340,"Palm Bay-Melbourne-Titusville, FL",metro,"Palm Bay-Melbourne-Titusville, FL MSA",1.029,1.0328849028400597,39937.0,40004.0,67.0,47590,242240.0
37460,"Panama City-Panama City Beach, FL",metro,"Panama City, FL MSA",1.037,1.0119581464872944,40076.0,39639.0,-437.0,43000,87870.0
37620,"Parkersburg-Vienna, WV",state_metro,West Virginia Metro,0.621,0.6150971599402093,32810.0,32707.0,-103.0,39690,37170.0
37860,"Pensacola-Ferry Pass-Brent, FL",metro,"Pensacola-Ferry Pass-Brent, FL MSA",0.881,0.8774289985052317,37351.0,37289.0,-62.0,44990,188880.0
37900,"Peoria, IL",metro,"Peoria, IL MSA",0.72,0.7174887892376681,34539.0,34495.0,-44.0,47990,165230.0
37980,"Philadelphia-Camden-Wilmington, PA-NJ-DE-MD",metro,"Philadelphia-Camden-Wilmington, PA-NJ-DE-MD MSA",1.125,1.116591928251121,41613.0,41467.0,-146.0,51760,2868720.0
38060,"Phoenix-Mesa-Chandler, AZ",metro,"Phoenix-Mesa-Scottsdale, AZ MSA",1.165,1.1621823617339313,42312.0,42263.0,-49.0,49840,2343250.0
38240,"Pinehurst-Southern Pines, NC",state_metro,North Carolina Metro,0.808,0.8288490284005979,36076.0,36440.0,364.0,41130,40090.0
38300,"Pittsburgh, PA",metro,"Pittsburgh, PA MSA",0.783,0.7877428998505231,35640.0,35722.0,82.0,48210,1109050.0
38340,"Pittsfield, MA",state_metro,Massachusetts Metro,0.843,0.8415545590433483,36688.0,36662.0,-26.0,49970,57390.0
38540,"Pocatello, ID",state_metro,Idaho Metro,0.668,0.6442451420029895,33631.0,33216.0,-415.0,43180,37440.0
38860,"Portland-South Portland, ME",metro,"Portland-South Portland, ME MSA",1.131,1.1255605381165918,41718.0,41623.0,-95.0,53280,284300.0
38900,"Portland-Vancouver-Hillsboro, OR-WA",metro,"Portland-Vancouver-Hillsboro, OR-WA MSA",1.236,1.2436472346786247,43552.0,43686.0,134.0,59040,1213760.0
38940,"Port St. Lucie, FL",metro,"Port St. Lucie, FL MSA",1.068,1.06203288490284,40618.0,40514.0,-104.0,44820,167590.0
39150,"Prescott Valley-Prescott, AZ",metro,"Prescott, AZ MSA",0.953,0.9559043348281017,38609.0,38660.0,51.0,45560,70940.0
39300,"Providence-Warwick, RI-MA",metro,"Providence-Warwick, RI-MA MSA",0.985,0.9872944693572496,39168.0,39208.0,40.0,51250,706440.0
39340,"Provo-Orem-Lehi, UT",metro,"Provo-Orem, UT MSA",0.923,0.9207772795216741,38085.0,38046.0,-39.0,46610,298460.0
39380,"Pueblo, CO",none,,,0.8109118086696562,,36127.0,,47780,62700.0
39460,"Punta Gorda, FL",state_metro,Florida Metro,0.729,0.9185351270553064,34696.0,38007.0,3311.0,44080,56040.0
39540,"Racine-Mount Pleasant, WI",metro,"Racine, WI MSA",0.771,0.7668161434977578,35430.0,35357.0,-73.0,47290,76560.0
39580,"Raleigh-Cary, NC",metro,"Raleigh, NC MSA",1.074,1.0657698056801195,40723.0,40579.0,-144.0,49560,723590.0
39660,"Rapid City, SD",state_metro,South Dakota Metro,0.845,0.8348281016442451,36723.0,36545.0,-178.0,44260,71890.0
39740,"Reading, PA",metro,"Reading, PA MSA",0.895,0.8946188340807175,37596.0,37589.0,-7.0,48210,171480.0
39820,"Redding, CA",metro,"Redding, CA MSA",0.915,0.9147982062780269,37945.0,37942.0,-3.0,47890,69620.0
39900,"Reno, NV",state_metro,Nevada Metro,1.138,1.1360239162929746,41841.0,41806.0,-35.0,48970,272970.0
40060,"Richmond, VA",metro,"Richmond, VA MSA",1.02,1.0216741405082213,39779.0,39809.0,30.0,50020,652900.0
40140,"Riverside-San Bernardino-Ontario, CA",metro,"Riverside-San Bernardino-Ontario, CA MSA",1.247,1.2466367713004485,43744.0,43738.0,-6.0,48240,1695430.0
40220,"Roanoke, VA",metro,"Roanoke, VA MSA",0.732,0.7070254110612855,34749.0,34312.0,-437.0,46010,152120.0
40340,"Rochester, MN",state_metro,Minnesota Metro,0.78,0.8677130044843049,35587.0,37119.0,1532.0,59220,121610.0
40380,"Rochester, NY",metro,"Rochester, NY MSA",0.877,0.8796711509715994,37281.0,37328.0,47.0,50050,490900.0
40420,"Rockford, IL",metro,"Rockford, IL MSA",0.745,0.7428998505231689,34976.0,34939.0,-37.0,45970,139310.0
40580,"Rocky Mount, NC",state_metro,North Carolina Metro,0.808,0.6136023916292974,36076.0,32681.0,-3395.0,41180,54530.0
40660,"Rome, GA",state_metro,Georgia Metro,0.652,0.6756352765321375,33351.0,33764.0,413.0,40930,44190.0
40900,"Sacramento-Roseville-Folsom, CA",metro,"Sacramento--Roseville--Arden-Arcade, CA MSA",1.286,1.2795216741405082,44426.0,44313.0,-113.0,58880,1066390.0
40980,"Saginaw, MI",metro,"Saginaw, MI MSA",0.688,0.6898355754857997,33980.0,34012.0,32.0,45630,79670.0
41060,"St. Cloud, MN",state_metro,Minnesota Metro,0.78,0.8026905829596412,35587.0,35983.0,396.0,49820,103600.0
41100,"St. George, UT",metro,"St. George, UT MSA",0.956,0.9775784753363229,38661.0,39038.0,377.0,44070,86740.0
41140,"St. Joseph, MO-KS",state_metro,Missouri Metro,0.592,0.6644245142002989,32303.0,33568.0,1265.0,46420,53880.0
41180,"St. Louis, MO-IL",metro,"St. Louis, MO-IL MSA",0.814,0.819880418535127,36181.0,36284.0,103.0,48290,1339700.0
41420,"Salem, OR",metro,"Salem, OR MSA",0.983,0.9850523168908819,39133.0,39169.0,36.0,50810,186340.0
41500,"Salinas, CA",metro,"Salinas, CA MSA",1.493,1.4828101644245142,48041.0,47863.0,-178.0,46790,186110.0
41540,"Salisbury, MD",metro,"Salisbury, MD-DE MSA",0.865,0.8736920777279522,37072.0,37224.0,152.0,46650,53660.0
41620,"Salt Lake City-Murray, UT",metro,"Salt Lake City, UT MSA",1.114,1.1046337817638265,41421.0,41258.0,-163.0,51430,816680.0
41660,"San Angelo, TX",state_metro,Texas Metro,0.819,0.8565022421524664,36268.0,36923.0,655.0,41770,50120.0
41700,"San Antonio-New Braunfels, TX",metro,"San Antonio-New Braunfels, TX MSA",0.998,0.9955156950672646,39395.0,39352.0,-43.0,46010,1114520.0
41740,"San Diego-Chula Vista-Carlsbad, CA",metro,"San Diego-Carlsbad, CA MSA",1.632,1.6427503736920777,50469.0,50657.0,188.0,56580,1533290.0
41780,"Sandusky, OH",state_metro,Ohio Metro,0.671,0.6816143497757847,33683.0,33869.0,186.0,43820,49240.0
41860,"San Francisco-Oakland-Fremont, CA",metro,"San Francisco-Oakland-Hayward, CA MSA",1.945,1.9364723467862481,55937.0,55788.0,-149.0,73960,2405740.0
41940,"San Jose-Sunnyvale-Santa Clara, CA",metro,"San Jose-Sunnyvale-Santa Clara, CA MSA",2.167,2.1532137518684604,59815.0,59574.0,-241.0,82470,1134660.0
42020,"San Luis Obispo-Paso Robles, CA",metro,"San Luis Obispo-Paso Robles-Arroyo Grande, CA MSA",1.477,1.4484304932735426,47762.0,47263.0,-499.0,49760,121040.0
42100,"Santa Cruz-Watsonville, CA",metro,"Santa Cruz-Watsonville, CA MSA",1.708,1.7085201793721974,51797.0,51806.0,9.0,52770,98750.0
42140,"Santa Fe, NM",metro,"Santa Fe, NM MSA",1.087,1.0650224215246638,40950.0,40566.0,-384.0,47180,61400.0
42200,"Santa Maria-Santa Barbara, CA",metro,"Santa Maria-Santa Barbara, CA MSA",1.553,1.5440956651718984,49090.0,48934.0,-156.0,50240,201750.0
42220,"Santa Rosa-Petaluma, CA",metro,"Santa Rosa, CA MSA",1.623,1.6203288490284007,50312.0,50266.0,-46.0,55140,204980.0
42340,"Savannah, GA",metro,"Savannah, GA MSA",0.975,0.9738415545590433,38993.0,38973.0,-20.0,46100,195030.0
42540,"Scranton--Wilkes-Barre, PA",metro,"Scranton--Wilkes-Barre--Hazleton, PA MSA",0.713,0.7152466367713004,34417.0,34456.0,39.0,45400,254190.0
42660,"Seattle-Tacoma-Bellevue, WA",metro,"Seattle-Tacoma-Bellevue, WA MSA",1.495,1.485052316890882,48076.0,47903.0,-173.0,67510,2082610.0
42680,"Sebastian-Vero Beach-West Vero Corridor, FL",state_metro,Florida Metro,0.729,0.9618834080717489,34696.0,38764.0,4068.0,43200,57230.0
42700,"Sebring, FL",state_metro,Florida Metro,0.729,0.7249626307922272,34696.0,34626.0,-70.0,38460,27940.0
43100,"Sheboygan, WI",none,,,0.7047832585949177,,34273.0,,49300,60670.0
43300,"Sherman-Denison, TX",metro,"Sherman-Denison, TX MSA",0.895,0.8557548579970105,37596.0,36910.0,-686.0,40410,52000.0
43340,"Shreveport-Bossier City, LA",metro,"Shreveport-Bossier City, LA MSA",0.716,0.727204783258595,34469.0,34665.0,196.0,42270,159970.0
43420,"Sierra Vista-Douglas, AZ",state_metro,Arizona Metro,1.108,0.6532137518684604,41316.0,33373.0,-7943.0,45940,34120.0
43580,"Sioux City, IA-NE-SD",state_metro,Iowa Metro,0.744,0.7481315396113603,34958.0,35030.0,72.0,45930,75270.0
43620,"Sioux Falls, SD-MN",metro,"Sioux Falls, SD MSA",0.744,0.7399103139013453,34958.0,34887.0,-71.0,46720,174730.0
43640,"Slidell-Mandeville-Covington, LA",state_metro,Louisiana Metro,0.696,0.914050822122571,34120.0,37929.0,3809.0,40760,100690.0
43780,"South Bend-Mishawaka, IN-MI",metro,"South Bend-Mishawaka, IN-MI MSA",0.803,0.7847533632286996,35989.0,35670.0,-319.0,45800,131060.0
43900,"Spartanburg, SC",metro,"Spartanburg, SC MSA",0.731,0.7167414050822123,34731.0,34482.0,-249.0,46210,163980.0
44060,"Spokane-Spokane Valley, WA",metro,"Spokane-Spokane Valley, WA MSA",0.892,0.8976083707025411,37544.0,37641.0,97.0,51600,255370.0
44100,"Springfield, IL",metro,"Springfield, IL MSA",0.719,0.7137518684603886,34522.0,34430.0,-92.0,49550,102720.0
44140,"Springfield, MA",metro,"Springfield, MA MSA",0.94,0.8961136023916293,38382.0,37615.0,-767.0,49710,198740.0
44180,"Springfield, MO",metro,"Springfield, MO MSA",0.689,0.679372197309417,33998.0,33829.0,-169.0,44110,222150.0
44220,"Springfield, OH",state_metro,Ohio Metro,0.671,0.6539611360239163,33683.0,33386.0,-297.0,44700,47300.0
44300,"State College, PA",state_metro,Pennsylvania Metro,0.758,0.9080717488789237,35203.0,37824.0,2621.0,50250,68760.0
44420,"Staunton-Stuarts Draft, VA",state_metro,Virginia Metro,0.748,0.7197309417040358,35028.0,34534.0,-494.0,46140,50510.0
44700,"Stockton-Lodi, CA",metro,"Stockton-Lodi, CA MSA",1.111,1.109865470852018,41369.0,41349.0,-20.0,49000,286420.0
44940,"Sumter, SC",none,,,0.7159940209267563,,34469.0,,41590,35260.0
45060,"Syracuse, NY",metro,"Syracuse, NY MSA",0.812,0.8236173393124065,36146.0,36349.0,203.0,50800,295110.0
45220,"Tallahassee, FL",metro,"Tallahassee, FL MSA",0.902,0.8998505231689088,37718.0,37681.0,-37.0,45760,184180.0
45300,"Tampa-St. Petersburg-Clearwater, FL",metro,"Tampa-St. Petersburg-Clearwater, FL MSA",1.126,1.1188340807174888,41631.0,41506.0,-125.0,47720,1442290.0
45460,"Terre Haute, IN",metro,"Terre Haute, IN MSA",0.698,0.672645739910314,34155.0,33712.0,-443.0,43960,64580.0
45500,"Texarkana, TX-AR",state_metro,Texas Metro,0.819,0.6831091180866966,36268.0,33895.0,-2373.0,41050,57420.0
45780,"Toledo, OH",metro,"Toledo, OH MSA",0.714,0.7100149476831091,34434.0,34365.0,-69.0,47320,291660.0
45820,"Topeka, KS",metro,"Topeka, KS MSA",0.741,0.7182361733931241,34906.0,34508.0,-398.0,47840,112540.0
45900,"Traverse City, MI",state_metro,Michigan Metro,0.709,0.8557548579970105,34347.0,36910.0,2563.0,46530,67200.0
45940,"Trenton-Princeton, NJ",metro,"Trenton, NJ MSA",1.219,1.2242152466367713,43255.0,43346.0,91.0,62610,239220.0
46060,"Tucson, AZ",metro,"Tucson, AZ MSA",0.905,0.899103139013453,37771.0,37668.0,-103.0,46450,385930.0
46140,"Tulsa, OK",metro,"Tulsa, OK MSA",0.769,0.7705530642750373,35395.0,35422.0,27.0,45460,453400.0
46220,"Tuscaloosa, AL",none,,,0.71898355754858,,34521.0,,45440,108360.0
46300,"Twin Falls, ID",state_metro,Idaho Metro,0.668,0.703288490284006,33631.0,34247.0,616.0,44160,49570.0
46340,"Tyler, TX",metro,"Tyler, TX MSA",0.874,0.8677130044843049,37229.0,37119.0,-110.0,41230,112810.0
46520,"Urban Honolulu, HI",metro,"Urban Honolulu, HI MSA",1.55,1.547832585949178,49037.0,48999.0,-38.0,54660,443350.0
46540,"Utica-Rome, NY",metro,"Utica-Rome, NY MSA",0.712,0.7122571001494769,34399.0,34404.0,5.0,48080,117260.0
46660,"Valdosta, GA",state_metro,Georgia Metro,0.652,0.6696562032884903,33351.0,33660.0,309.0,38000,54320.0
46700,"Vallejo, CA",metro,"Vallejo-Fairfield, CA MSA",1.509,1.4977578475336324,48321.0,48125.0,-196.0,57170,142930.0
47020,"Victoria, TX",state_metro,Texas Metro,0.819,0.9005979073243647,36268.0,37694.0,1426.0,41190,38310.0
47220,"Vineland, NJ",metro,"Vineland-Bridgeton, NJ MSA",0.939,0.9267563527653214,38364.0,38151.0,-213.0,47650,61230.0
47260,"Virginia Beach-Chesapeake-Norfolk, VA-NC",metro,"Virginia Beach-Norfolk-Newport News, VA-NC MSA",1.004,1.0014947683109119,39500.0,39456.0,-44.0,48430,754860.0
47300,"Visalia, CA",metro,"Visalia-Porterville, CA MSA",0.835,0.819880418535127,36548.0,36284.0,-264.0,44320,170070.0
47380,"Waco, TX",metro,"Waco, TX MSA",0.838,0.8221225710014948,36600.0,36323.0,-277.0,44530,129920.0
47460,"Walla Walla, WA",state_metro,Washington Metro,0.863,0.9230194319880418,37037.0,38085.0,1048.0,49920,25690.0
47580,"Warner Robins, GA",metro,"Warner Robins, GA MSA",0.759,0.7623318385650224,35220.0,35279.0,59.0,47490,75750.0
47900,"Washington-Arlington-Alexandria, DC-VA-MD-WV",metro,"Washington-Arlington-Alexandria, DC-VA-MD-WV MSA",1.495,1.4835575485799701,48076.0,47877.0,-199.0,68430,3118630.0
47930,"Waterbury-Shelton, CT",none,,,1.007473841554559,,39561.0,,50110,158640.0
47940,"Waterloo-Cedar Falls, IA",metro,"Waterloo-Cedar Falls, IA MSA",0.721,0.7167414050822123,34557.0,34482.0,-75.0,46580,85420.0
48060,"Watertown-Fort Drum, NY",metro,"Watertown-Fort Drum, NY MSA",0.899,0.8878923766816144,37666.0,37472.0,-194.0,46630,39050.0
48140,"Wausau, WI",metro,"Wausau, WI MSA",0.726,0.7242152466367713,34644.0,34613.0,-31.0,47970,70000.0
48260,"Weirton-Steubenville, WV-OH",state_metro,West Virginia Metro,0.621,0.5807174887892377,32810.0,32106.0,-704.0,44830,36870.0
48300,"Wenatchee-East Wenatchee, WA",state_metro,Washington Metro,0.863,0.8901345291479821,37037.0,37511.0,474.0,47920,51580.0
48540,"Wheeling, WV-OH",state_metro,West Virginia Metro,0.621,0.617339312406577,32810.0,32746.0,-64.0,41840,58940.0
48620,"Wichita, KS",metro,"Wichita, KS MSA",0.727,0.726457399103139,34661.0,34652.0,-9.0,46650,306950.0
48660,"Wichita Falls, TX",metro,"Wichita Falls, TX MSA",0.706,0.7002989536621823,34295.0,34195.0,-100.0,40410,56710.0
48680,"Wildwood-The Villages, FL",state_metro,Florida Metro,0.729,0.8542600896860987,34696.0,36884.0,2188.0,44660,39830.0
48700,"Williamsport, PA",metro,"Williamsport, PA MSA",0.669,0.6629297458893871,33648.0,33542.0,-106.0,45310,50020.0
48900,"Wilmington, NC",state_metro,North Carolina Metro,0.808,0.9581464872944694,36076.0,38699.0,2623.0,44470,186900.0
49020,"Winchester, VA-WV",metro,"Winchester, VA-WV MSA",1.008,0.9663677130044843,39570.0,38843.0,-727.0,47310,68300.0
49180,"Winston-Salem, NC",metro,"Winston-Salem, NC MSA",0.699,0.6928251121076233,34172.0,34064.0,-108.0,45050,273340.0
49340,"Worcester, MA",metro,"Worcester, MA-CT MSA",1.034,1.0485799701046339,40024.0,40279.0,255.0,55300,351970.0
49420,"Yakima, WA",state_metro,Washington Metro,0.863,0.804932735426009,37037.0,36023.0,-1014.0,46740,98540.0
49620,"York-Hanover, PA",metro,"York-Hanover, PA MSA",0.861,0.8729446935724963,37002.0,37211.0,209.0,46970,183070.0
49660,"Youngstown-Warren, OH",metro,"Youngstown-Warren-Boardman, OH-PA MSA",0.601,0.5949177877428998,32460.0,32354.0,-106.0,42330,160480.0
49700,"Yuba City, CA",none,,,0.8841554559043349,,37406.0,,48330,50820.0
49740,"Yuma, AZ",metro,"Yuma, AZ MSA",0.736,0.7376681614349776,34819.0,34848.0,29.0,42690,68990.0
