year,acs,us_rent,named_compared,median_diff,median_abs,p90_abs,max_abs,small_metros,with_estimate,no_rent,state_vs_own_over_1000
2015,2011-2015,912,278,-11.0,87.0,250.50000000000006,1038.0,90,85,"Albany, OR; Bay City, MI; Columbus, IN; Houma-Thibodaux, LA; The Villages, FL",0.16049382716049382
2016,2011-2015,912,244,-70.0,73.5,134.70000000000002,366.0,127,119,"Sebastian-Vero Beach, FL; The Villages, FL; Columbus, IN; Houma-Thibodaux, LA; Bay City, MI; Gulfport-Biloxi-Pascagoula, MS; Albany, OR; Midland, TX",0.2608695652173913
2017,2012-2016,932,246,-22.0,38.0,213.0,942.0,128,128,,0.3269230769230769
2018,2013-2017,964,246,-17.0,43.0,228.0,742.0,128,128,,0.2980769230769231
2019,2014-2018,1002,246,-11.0,54.0,226.0,668.0,129,129,,0.3238095238095238
2020,2015-2019,1044,244,-68.0,85.5,221.80000000000007,560.0,129,129,,0.3106796116504854
2021,2016-2020,1080,244,-109.0,117.5,305.00000000000017,673.0,129,129,,0.2912621359223301
2022,2017-2021,1150,244,-114.0,122.5,308.5000000000001,655.0,129,129,,0.33980582524271846
2023,2018-2022,1255,244,-6.0,81.5,337.40000000000003,927.0,129,129,,0.39215686274509803
2024,2019-2023,1338,253,-71.0,108.0,375.6000000000001,1258.0,130,130,,0.41509433962264153
2025,2020-2024,1407,275,-50.0,100.0,314.0,1869.0,112,112,,0.43137254901960786
