era_from,era_to,area,shape_id
2015,2016,33860,0
2015,2016,19300,1
2015,2016,100004,2
2015,2016,13820,3
2015,2016,11500,4
2015,2016,100002,5
2015,2016,100003,6
2015,2016,22520,7
2015,2016,100001,8
2015,2016,23460,9
2015,2016,20020,10
2015,2016,46220,11
2015,2016,19460,12
2015,2016,12220,13
2015,2016,26620,14
2015,2016,33660,15
2015,2016,17980,16
2015,2016,200002,17
2015,2016,11260,18
2015,2016,21820,19
2015,2016,200001,20
2015,2016,400001,21
2015,2016,43420,22
2015,2016,22380,23
2015,2016,38060,24
2015,2016,29420,25
2015,2016,46060,26
2015,2016,39140,27
2015,2016,49740,28
2015,2016,500004,29
2015,2016,500001,30
2015,2016,22220,31
2015,2016,500003,32
2015,2016,500002,33
2015,2016,38220,34
2015,2016,27860,35
2015,2016,22900,36
2015,2016,32820,37
2015,2016,30780,38
2015,2016,26300,39
2015,2016,45500,40
2015,2016,41860,41
2015,2016,600002,42
2015,2016,600001,43
2015,2016,17020,44
2015,2016,600004,45
2015,2016,600003,46
2015,2016,40900,47
2015,2016,23420,48
2015,2016,20940,49
2015,2016,12540,50
2015,2016,25260,51
2015,2016,600005,52
2015,2016,31080,53
2015,2016,31460,54
2015,2016,32900,55
2015,2016,41500,56
2015,2016,34900,57
2015,2016,40140,58
2015,2016,41940,59
2015,2016,41740,60
2015,2016,44700,61
2015,2016,42020,62
2015,2016,42200,63
2015,2016,42100,64
2015,2016,39820,65
2015,2016,46700,66
2015,2016,42220,67
2015,2016,33700,68
2015,2016,49700,69
2015,2016,47300,70
2015,2016,37100,71
2015,2016,19740,72
2015,2016,800001,73
2015,2016,800002,74
2015,2016,14500,75
2015,2016,800003,76
2015,2016,17820,77
2015,2016,22660,78
2015,2016,24300,79
2015,2016,39380,80
2015,2016,24540,81
2015,2016,20100,82
2015,2016,37980,83
2015,2016,41540,84
2015,2016,47900,85
2015,2016,23540,86
2015,2016,27260,87
2015,2016,37460,88
2015,2016,1200002,89
2015,2016,37340,90
2015,2016,33100,91
2015,2016,1200001,92
2015,2016,39460,93
2015,2016,26140,94
2015,2016,34940,95
2015,2016,1200003,96
2015,2016,37860,97
2015,2016,19660,98
2015,2016,45220,99
2015,2016,45300,100
2015,2016,42700,101
2015,2016,42680,102
2015,2016,36740,103
2015,2016,15980,104
2015,2016,35840,105
2015,2016,36100,106
2015,2016,38940,107
2015,2016,18880,108
2015,2016,29460,109
2015,2016,45540,110
2015,2016,1300004,111
2015,2016,10500,112
2015,2016,1300002,113
2015,2016,1300001,114
2015,2016,12060,115
2015,2016,31420,116
2015,2016,15260,117
2015,2016,46660,118
2015,2016,42340,119
2015,2016,1300003,120
2015,2016,12260,121
2015,2016,16860,122
2015,2016,12020,123
2015,2016,40660,124
2015,2016,23580,125
2015,2016,47580,126
2015,2016,25980,127
2015,2016,19140,128
2015,2016,1500001,129
2015,2016,46520,130
2015,2016,27980,131
2015,2016,14260,132
2015,2016,1600002,133
2015,2016,38540,134
2015,2016,1600004,135
2015,2016,1600001,136
2015,2016,1600003,137
2015,2016,26820,138
2015,2016,30860,139
2015,2016,17660,140
2015,2016,30300,141
2015,2016,1700002,142
2015,2016,16020,143
2015,2016,41180,144
2015,2016,40420,145
2015,2016,1700001,146
2015,2016,16580,147
2015,2016,1700003,148
2015,2016,16980,149
2015,2016,14010,150
2015,2016,1700004,151
2015,2016,19340,152
2015,2016,16060,153
2015,2016,28100,154
2015,2016,19500,155
2015,2016,37900,156
2015,2016,44100,157
2015,2016,19180,158
2015,2016,1800001,159
2015,2016,23060,160
2015,2016,18020,161
2015,2016,29200,162
2015,2016,1800002,163
2015,2016,26900,164
2015,2016,31140,165
2015,2016,45460,166
2015,2016,1800003,167
2015,2016,17140,168
2015,2016,34620,169
2015,2016,21140,170
2015,2016,29020,171
2015,2016,33140,172
2015,2016,14020,173
2015,2016,21780,174
2015,2016,43780,175
2015,2016,1900003,176
2015,2016,1900001,177
2015,2016,1900004,178
2015,2016,16300,179
2015,2016,47940,180
2015,2016,1900002,181
2015,2016,19780,182
2015,2016,20220,183
2015,2016,36540,184
2015,2016,26980,185
2015,2016,43580,186
2015,2016,11180,187
2015,2016,2000004,188
2015,2016,2000003,189
2015,2016,2000001,190
2015,2016,2000002,191
2015,2016,48620,192
2015,2016,41140,193
2015,2016,29940,194
2015,2016,45820,195
2015,2016,28140,196
2015,2016,31740,197
2015,2016,2100002,198
2015,2016,14540,199
2015,2016,2100003,200
2015,2016,2100001,201
2015,2016,2100004,202
2015,2016,30460,203
2015,2016,26580,204
2015,2016,17300,205
2015,2016,36980,206
2015,2016,21060,207
2015,2016,29180,208
2015,2016,2200002,209
2015,2016,12940,210
2015,2016,2200004,211
2015,2016,2200003,212
2015,2016,43340,213
2015,2016,29340,214
2015,2016,10780,215
2015,2016,35380,216
2015,2016,26380,217
2015,2016,33740,218
2015,2016,25220,219
2015,2016,2200001,220
2015,2016,19060,221
2015,2016,12580,222
2015,2016,2400001,223
2015,2016,2400002,224
2015,2016,15680,225
2015,2016,25180,226
2015,2016,2600002,227
2015,2016,2600001,228
2015,2016,2600004,229
2015,2016,2600003,230
2015,2016,24340,231
2015,2016,13020,232
2015,2016,35660,233
2015,2016,12980,234
2015,2016,29620,235
2015,2016,22420,236
2015,2016,27100,237
2015,2016,28020,238
2015,2016,19820,239
2015,2016,33220,240
2015,2016,33780,241
2015,2016,34740,242
2015,2016,40980,243
2015,2016,11460,244
2015,2016,2700002,245
2015,2016,33460,246
2015,2016,2700001,247
2015,2016,41060,248
2015,2016,2700003,249
2015,2016,31860,250
2015,2016,2700004,251
2015,2016,20260,252
2015,2016,22020,253
2015,2016,40340,254
2015,2016,29100,255
2015,2016,24220,256
2015,2016,2800004,257
2015,2016,2800001,258
2015,2016,2800002,259
2015,2016,2800003,260
2015,2016,27140,261
2015,2016,25620,262
2015,2016,25060,263
2015,2016,2900002,264
2015,2016,2900004,265
2015,2016,2900001,266
2015,2016,17860,267
2015,2016,2900003,268
2015,2016,27620,269
2015,2016,44180,270
2015,2016,27900,271
2015,2016,3000003,272
2015,2016,3000002,273
2015,2016,13740,274
2015,2016,3000001,275
2015,2016,24500,276
2015,2016,3000004,277
2015,2016,33540,278
2015,2016,3100002,279
2015,2016,3100003,280
2015,2016,3100001,281
2015,2016,3100004,282
2015,2016,24260,283
2015,2016,30700,284
2015,2016,3200001,285
2015,2016,29820,286
2015,2016,3200002,287
2015,2016,39900,288
2015,2016,16180,289
2015,2016,12100,290
2015,2016,35620,291
2015,2016,36140,292
2015,2016,47220,293
2015,2016,45940,294
2015,2016,10900,295
2015,2016,10740,296
2015,2016,3500003,297
2015,2016,3500002,298
2015,2016,3500001,299
2015,2016,29740,300
2015,2016,3500004,301
2015,2016,22140,302
2015,2016,42140,303
2015,2016,10580,304
2015,2016,3600004,305
2015,2016,13780,306
2015,2016,3600003,307
2015,2016,21300,308
2015,2016,3600001,309
2015,2016,3600002,310
2015,2016,15380,311
2015,2016,46540,312
2015,2016,48060,313
2015,2016,40380,314
2015,2016,45060,315
2015,2016,27060,316
2015,2016,28740,317
2015,2016,24020,318
2015,2016,15500,319
2015,2016,25860,320
2015,2016,3700004,321
2015,2016,3700003,322
2015,2016,3700001,323
2015,2016,3700002,324
2015,2016,34820,325
2015,2016,11700,326
2015,2016,16740,327
2015,2016,20500,328
2015,2016,35100,329
2015,2016,22180,330
2015,2016,47260,331
2015,2016,49180,332
2015,2016,40580,333
2015,2016,39580,334
2015,2016,24660,335
2015,2016,48900,336
2015,2016,27340,337
2015,2016,24780,338
2015,2016,24140,339
2015,2016,3800001,340
2015,2016,3800003,341
2015,2016,3800002,342
2015,2016,13900,343
2015,2016,3800004,344
2015,2016,3900004,345
2015,2016,30620,346
2015,2016,3900002,347
2015,2016,3900001,348
2015,2016,48540,349
2015,2016,15940,350
2015,2016,44220,351
2015,2016,3900003,352
2015,2016,17460,353
2015,2016,18140,354
2015,2016,45780,355
2015,2016,19380,356
2015,2016,48260,357
2015,2016,49660,358
2015,2016,10420,359
2015,2016,31900,360
2015,2016,4000001,361
2015,2016,4000002,362
2015,2016,4000004,363
2015,2016,4000003,364
2015,2016,36420,365
2015,2016,30020,366
2015,2016,46140,367
2015,2016,4100004,368
2015,2016,18700,369
2015,2016,38900,370
2015,2016,4100001,371
2015,2016,4100002,372
2015,2016,4100003,373
2015,2016,13460,374
2015,2016,32780,375
2015,2016,24420,376
2015,2016,21660,377
2015,2016,10540,378
2015,2016,41420,379
2015,2016,23900,380
2015,2016,38300,381
2015,2016,4200003,382
2015,2016,39740,383
2015,2016,11020,384
2015,2016,4200002,385
2015,2016,27780,386
2015,2016,44300,387
2015,2016,4200001,388
2015,2016,14100,389
2015,2016,25420,390
2015,2016,21500,391
2015,2016,16540,392
2015,2016,42540,393
2015,2016,29540,394
2015,2016,30140,395
2015,2016,48700,396
2015,2016,20700,397
2015,2016,49620,398
2015,2016,4500002,399
2015,2016,4500004,400
2015,2016,24860,401
2015,2016,25940,402
2015,2016,16700,403
2015,2016,17900,404
2015,2016,4500003,405
2015,2016,4500001,406
2015,2016,22500,407
2015,2016,43900,408
2015,2016,44940,409
2015,2016,4600002,410
2015,2016,4600003,411
2015,2016,39660,412
2015,2016,43620,413
2015,2016,28940,414
2015,2016,4700002,415
2015,2016,4700001,416
2015,2016,4700004,417
2015,2016,17420,418
2015,2016,34980,419
2015,2016,27740,420
2015,2016,27180,421
2015,2016,4700003,422
2015,2016,34100,423
2015,2016,28700,424
2015,2016,4800002,425
2015,2016,4800001,426
2015,2016,4800003,427
2015,2016,18580,428
2015,2016,48660,429
2015,2016,11100,430
2015,2016,41700,431
2015,2016,26420,432
2015,2016,12420,433
2015,2016,4800006,434
2015,2016,28660,435
2015,2016,4800004,436
2015,2016,17780,437
2015,2016,10180,438
2015,2016,15180,439
2015,2016,19100,440
2015,2016,31180,441
2015,2016,4800005,442
2015,2016,36220,443
2015,2016,21340,444
2015,2016,47380,445
2015,2016,47020,446
2015,2016,43300,447
2015,2016,30980,448
2015,2016,13140,449
2015,2016,32580,450
2015,2016,41660,451
2015,2016,33260,452
2015,2016,46340,453
2015,2016,29700,454
2015,2016,4900003,455
2015,2016,36260,456
2015,2016,4900004,457
2015,2016,39340,458
2015,2016,4900002,459
2015,2016,4900001,460
2015,2016,41620,461
2015,2016,41100,462
2015,2016,5100003,463
2015,2016,16820,464
2015,2016,5100004,465
2015,2016,40060,466
2015,2016,31340,467
2015,2016,44420,468
2015,2016,5100001,469
2015,2016,40220,470
2015,2016,5100002,471
2015,2016,13980,472
2015,2016,49020,473
2015,2016,25500,474
2015,2016,5300004,475
2015,2016,28420,476
2015,2016,48300,477
2015,2016,5300001,478
2015,2016,47460,479
2015,2016,31020,480
2015,2016,5300002,481
2015,2016,42660,482
2015,2016,14740,483
2015,2016,5300003,484
2015,2016,44060,485
2015,2016,34580,486
2015,2016,36500,487
2015,2016,13380,488
2015,2016,49420,489
2015,2016,5400002,490
2015,2016,16620,491
2015,2016,13220,492
2015,2016,5400001,493
2015,2016,34060,494
2015,2016,37620,495
2015,2016,5500002,496
2015,2016,5500001,497
2015,2016,5500004,498
2015,2016,24580,499
2015,2016,11540,500
2015,2016,20740,501
2015,2016,31540,502
2015,2016,5500003,503
2015,2016,22540,504
2015,2016,48140,505
2015,2016,33340,506
2015,2016,39540,507
2015,2016,27500,508
2015,2016,43100,509
2015,2016,36780,510
2015,2016,5600004,511
2015,2016,5600001,512
2015,2016,5600003,513
2015,2016,16940,514
2015,2016,5600002,515
2015,2016,16220,516
2015,2016,900001,517
2015,2016,73450,518
2015,2016,78100,519
2015,2016,71950,520
2015,2016,79600,521
2015,2016,78700,522
2015,2016,76450,523
2015,2016,72850,524
2015,2016,75700,525
2015,2016,70750,526
2015,2016,2300001,527
2015,2016,2300002,528
2015,2016,74650,529
2015,2016,76750,530
2015,2016,76900,531
2015,2016,73050,532
2015,2016,71650,533
2015,2016,76600,534
2015,2016,77200,535
2015,2016,70900,536
2015,2016,2500003,537
2015,2016,2500002,538
2015,2016,74500,539
2015,2016,2500004,540
2015,2016,2500001,541
2015,2016,75550,542
2015,2016,3300001,543
2015,2016,3300003,544
2015,2016,3300002,545
2015,2016,74950,546
2015,2016,3300004,547
2015,2016,4400001,548
2015,2016,5000001,549
2015,2016,5000002,550
2015,2016,72400,551
2017,2017,33860,0
2017,2017,19300,1
2017,2017,100004,2
2017,2017,13820,3
2017,2017,11500,4
2017,2017,100002,5
2017,2017,100003,6
2017,2017,22520,7
2017,2017,100001,8
2017,2017,23460,9
2017,2017,20020,10
2017,2017,46220,11
2017,2017,19460,12
2017,2017,12220,13
2017,2017,26620,14
2017,2017,33660,15
2017,2017,17980,16
2017,2017,200002,17
2017,2017,11260,18
2017,2017,21820,19
2017,2017,200001,20
2017,2017,400001,21
2017,2017,43420,22
2017,2017,22380,23
2017,2017,38060,24
2017,2017,29420,25
2017,2017,46060,26
2017,2017,39140,27
2017,2017,49740,28
2017,2017,500004,29
2017,2017,500001,30
2017,2017,22220,31
2017,2017,500003,32
2017,2017,500002,33
2017,2017,38220,34
2017,2017,27860,35
2017,2017,22900,36
2017,2017,32820,37
2017,2017,30780,38
2017,2017,26300,39
2017,2017,45500,40
2017,2017,41860,41
2017,2017,600002,42
2017,2017,600001,43
2017,2017,17020,44
2017,2017,600004,45
2017,2017,600003,46
2017,2017,40900,47
2017,2017,23420,48
2017,2017,20940,49
2017,2017,12540,50
2017,2017,25260,51
2017,2017,600005,52
2017,2017,31080,53
2017,2017,31460,54
2017,2017,32900,55
2017,2017,41500,56
2017,2017,34900,57
2017,2017,40140,58
2017,2017,41940,59
2017,2017,41740,60
2017,2017,44700,61
2017,2017,42020,62
2017,2017,42200,63
2017,2017,42100,64
2017,2017,39820,65
2017,2017,46700,66
2017,2017,42220,67
2017,2017,33700,68
2017,2017,49700,69
2017,2017,47300,70
2017,2017,37100,71
2017,2017,19740,72
2017,2017,800001,73
2017,2017,800002,74
2017,2017,14500,75
2017,2017,800003,76
2017,2017,17820,77
2017,2017,22660,78
2017,2017,24300,79
2017,2017,39380,80
2017,2017,24540,81
2017,2017,20100,82
2017,2017,37980,83
2017,2017,41540,84
2017,2017,47900,85
2017,2017,23540,86
2017,2017,27260,87
2017,2017,37460,88
2017,2017,1200002,89
2017,2017,37340,90
2017,2017,33100,91
2017,2017,1200001,92
2017,2017,39460,93
2017,2017,26140,94
2017,2017,34940,95
2017,2017,1200003,96
2017,2017,37860,97
2017,2017,19660,98
2017,2017,45220,99
2017,2017,45300,100
2017,2017,42700,101
2017,2017,42680,102
2017,2017,36740,103
2017,2017,15980,104
2017,2017,35840,105
2017,2017,36100,106
2017,2017,38940,107
2017,2017,18880,108
2017,2017,29460,109
2017,2017,45540,110
2017,2017,1300004,111
2017,2017,10500,112
2017,2017,1300002,113
2017,2017,1300001,114
2017,2017,12060,115
2017,2017,31420,116
2017,2017,15260,117
2017,2017,46660,118
2017,2017,42340,119
2017,2017,1300003,120
2017,2017,12260,121
2017,2017,16860,122
2017,2017,12020,123
2017,2017,40660,124
2017,2017,23580,125
2017,2017,47580,126
2017,2017,25980,127
2017,2017,19140,128
2017,2017,1500001,129
2017,2017,46520,130
2017,2017,27980,131
2017,2017,14260,132
2017,2017,1600002,133
2017,2017,38540,134
2017,2017,1600004,135
2017,2017,1600001,136
2017,2017,1600003,137
2017,2017,26820,138
2017,2017,30860,139
2017,2017,17660,140
2017,2017,30300,141
2017,2017,1700002,142
2017,2017,16020,143
2017,2017,41180,144
2017,2017,40420,145
2017,2017,1700001,146
2017,2017,16580,147
2017,2017,1700003,148
2017,2017,16980,149
2017,2017,14010,150
2017,2017,1700004,151
2017,2017,19340,152
2017,2017,16060,153
2017,2017,28100,154
2017,2017,19500,155
2017,2017,37900,156
2017,2017,44100,157
2017,2017,19180,158
2017,2017,1800001,159
2017,2017,23060,160
2017,2017,18020,161
2017,2017,29200,162
2017,2017,1800002,163
2017,2017,26900,164
2017,2017,31140,165
2017,2017,45460,166
2017,2017,1800003,167
2017,2017,17140,168
2017,2017,34620,169
2017,2017,21140,170
2017,2017,29020,171
2017,2017,33140,172
2017,2017,14020,173
2017,2017,21780,174
2017,2017,43780,175
2017,2017,1900003,176
2017,2017,1900001,177
2017,2017,1900004,178
2017,2017,16300,179
2017,2017,47940,180
2017,2017,1900002,181
2017,2017,19780,182
2017,2017,20220,183
2017,2017,36540,184
2017,2017,26980,185
2017,2017,43580,186
2017,2017,11180,187
2017,2017,2000004,188
2017,2017,2000003,189
2017,2017,2000001,190
2017,2017,2000002,191
2017,2017,48620,192
2017,2017,41140,193
2017,2017,29940,194
2017,2017,45820,195
2017,2017,28140,196
2017,2017,31740,197
2017,2017,2100002,198
2017,2017,14540,199
2017,2017,2100003,200
2017,2017,2100001,201
2017,2017,2100004,202
2017,2017,30460,203
2017,2017,26580,204
2017,2017,17300,205
2017,2017,36980,206
2017,2017,21060,207
2017,2017,29180,208
2017,2017,2200002,209
2017,2017,12940,210
2017,2017,2200004,211
2017,2017,2200003,212
2017,2017,43340,213
2017,2017,29340,214
2017,2017,10780,215
2017,2017,35380,216
2017,2017,26380,217
2017,2017,33740,218
2017,2017,25220,219
2017,2017,2200001,220
2017,2017,19060,221
2017,2017,12580,222
2017,2017,2400001,223
2017,2017,2400002,224
2017,2017,15680,225
2017,2017,25180,226
2017,2017,2600002,227
2017,2017,2600001,228
2017,2017,2600004,229
2017,2017,2600003,230
2017,2017,24340,231
2017,2017,13020,232
2017,2017,35660,233
2017,2017,12980,234
2017,2017,29620,235
2017,2017,22420,236
2017,2017,27100,237
2017,2017,28020,238
2017,2017,19820,239
2017,2017,33220,240
2017,2017,33780,241
2017,2017,34740,242
2017,2017,40980,243
2017,2017,11460,244
2017,2017,2700002,245
2017,2017,33460,246
2017,2017,2700001,247
2017,2017,41060,248
2017,2017,2700003,249
2017,2017,31860,250
2017,2017,2700004,251
2017,2017,20260,252
2017,2017,22020,253
2017,2017,40340,254
2017,2017,29100,255
2017,2017,24220,256
2017,2017,2800004,257
2017,2017,2800001,258
2017,2017,2800002,259
2017,2017,2800003,260
2017,2017,27140,261
2017,2017,25620,262
2017,2017,25060,263
2017,2017,2900002,264
2017,2017,2900004,265
2017,2017,2900001,266
2017,2017,17860,267
2017,2017,2900003,268
2017,2017,27620,269
2017,2017,44180,270
2017,2017,27900,271
2017,2017,3000003,272
2017,2017,3000002,273
2017,2017,13740,274
2017,2017,3000001,275
2017,2017,24500,276
2017,2017,3000004,277
2017,2017,33540,278
2017,2017,3100002,279
2017,2017,3100003,280
2017,2017,3100001,281
2017,2017,3100004,282
2017,2017,24260,283
2017,2017,30700,284
2017,2017,3200001,285
2017,2017,29820,286
2017,2017,3200002,287
2017,2017,39900,288
2017,2017,16180,289
2017,2017,12100,290
2017,2017,35620,291
2017,2017,36140,292
2017,2017,47220,293
2017,2017,45940,294
2017,2017,10900,295
2017,2017,10740,296
2017,2017,3500003,297
2017,2017,3500002,298
2017,2017,3500001,299
2017,2017,29740,300
2017,2017,3500004,301
2017,2017,22140,302
2017,2017,42140,303
2017,2017,10580,304
2017,2017,3600004,305
2017,2017,13780,306
2017,2017,3600003,307
2017,2017,21300,308
2017,2017,3600001,309
2017,2017,3600002,310
2017,2017,15380,311
2017,2017,46540,312
2017,2017,48060,313
2017,2017,40380,314
2017,2017,45060,315
2017,2017,27060,316
2017,2017,28740,317
2017,2017,24020,318
2017,2017,15500,319
2017,2017,25860,320
2017,2017,3700004,321
2017,2017,3700003,322
2017,2017,3700001,323
2017,2017,3700002,324
2017,2017,34820,325
2017,2017,11700,326
2017,2017,16740,327
2017,2017,20500,328
2017,2017,35100,329
2017,2017,22180,330
2017,2017,47260,331
2017,2017,49180,332
2017,2017,40580,333
2017,2017,39580,334
2017,2017,24660,335
2017,2017,48900,336
2017,2017,27340,337
2017,2017,24780,338
2017,2017,24140,339
2017,2017,3800001,340
2017,2017,3800003,341
2017,2017,3800002,342
2017,2017,13900,343
2017,2017,3800004,344
2017,2017,3900004,345
2017,2017,30620,346
2017,2017,3900002,347
2017,2017,3900001,348
2017,2017,48540,349
2017,2017,15940,350
2017,2017,44220,351
2017,2017,3900003,352
2017,2017,17460,353
2017,2017,18140,354
2017,2017,45780,355
2017,2017,19380,356
2017,2017,48260,357
2017,2017,49660,358
2017,2017,10420,359
2017,2017,31900,360
2017,2017,4000001,361
2017,2017,4000002,552
2017,2017,4000004,363
2017,2017,4000003,364
2017,2017,36420,365
2017,2017,30020,366
2017,2017,46140,367
2017,2017,21420,553
2017,2017,4100004,368
2017,2017,18700,369
2017,2017,38900,370
2017,2017,4100001,371
2017,2017,4100002,372
2017,2017,4100003,373
2017,2017,13460,374
2017,2017,32780,375
2017,2017,24420,376
2017,2017,21660,377
2017,2017,10540,378
2017,2017,41420,379
2017,2017,23900,380
2017,2017,38300,381
2017,2017,4200003,382
2017,2017,39740,383
2017,2017,11020,384
2017,2017,4200002,385
2017,2017,27780,386
2017,2017,44300,387
2017,2017,4200001,388
2017,2017,14100,389
2017,2017,25420,390
2017,2017,21500,391
2017,2017,16540,392
2017,2017,42540,393
2017,2017,29540,394
2017,2017,30140,395
2017,2017,48700,396
2017,2017,20700,397
2017,2017,49620,398
2017,2017,4500002,399
2017,2017,4500004,400
2017,2017,24860,401
2017,2017,25940,402
2017,2017,16700,403
2017,2017,17900,404
2017,2017,4500003,405
2017,2017,4500001,406
2017,2017,22500,407
2017,2017,43900,408
2017,2017,44940,409
2017,2017,4600002,410
2017,2017,4600003,411
2017,2017,39660,412
2017,2017,43620,413
2017,2017,28940,414
2017,2017,4700002,415
2017,2017,4700001,416
2017,2017,4700004,417
2017,2017,17420,418
2017,2017,34980,419
2017,2017,27740,420
2017,2017,27180,421
2017,2017,4700003,422
2017,2017,34100,423
2017,2017,28700,424
2017,2017,4800002,425
2017,2017,4800001,426
2017,2017,4800003,427
2017,2017,18580,428
2017,2017,48660,429
2017,2017,11100,430
2017,2017,41700,431
2017,2017,26420,432
2017,2017,12420,433
2017,2017,4800006,434
2017,2017,28660,435
2017,2017,4800004,436
2017,2017,17780,437
2017,2017,10180,438
2017,2017,15180,439
2017,2017,19100,440
2017,2017,31180,441
2017,2017,4800005,442
2017,2017,36220,443
2017,2017,21340,444
2017,2017,47380,445
2017,2017,47020,446
2017,2017,43300,447
2017,2017,30980,448
2017,2017,13140,449
2017,2017,32580,450
2017,2017,41660,451
2017,2017,33260,452
2017,2017,46340,453
2017,2017,29700,454
2017,2017,4900003,455
2017,2017,36260,456
2017,2017,4900004,457
2017,2017,39340,458
2017,2017,4900002,459
2017,2017,4900001,460
2017,2017,41620,461
2017,2017,41100,462
2017,2017,5100003,463
2017,2017,16820,464
2017,2017,5100004,465
2017,2017,40060,466
2017,2017,31340,467
2017,2017,44420,468
2017,2017,5100001,469
2017,2017,40220,470
2017,2017,5100002,471
2017,2017,13980,472
2017,2017,49020,473
2017,2017,25500,474
2017,2017,5300004,475
2017,2017,28420,476
2017,2017,48300,477
2017,2017,5300001,478
2017,2017,47460,479
2017,2017,31020,480
2017,2017,5300002,481
2017,2017,42660,482
2017,2017,14740,483
2017,2017,5300003,484
2017,2017,44060,485
2017,2017,34580,486
2017,2017,36500,487
2017,2017,13380,488
2017,2017,49420,489
2017,2017,5400002,490
2017,2017,16620,491
2017,2017,13220,492
2017,2017,5400001,493
2017,2017,34060,494
2017,2017,37620,495
2017,2017,5500002,496
2017,2017,5500001,497
2017,2017,5500004,498
2017,2017,24580,499
2017,2017,11540,500
2017,2017,20740,501
2017,2017,31540,502
2017,2017,5500003,503
2017,2017,22540,504
2017,2017,48140,505
2017,2017,33340,506
2017,2017,39540,507
2017,2017,27500,508
2017,2017,43100,509
2017,2017,36780,510
2017,2017,5600004,511
2017,2017,5600001,512
2017,2017,5600003,513
2017,2017,16940,514
2017,2017,5600002,515
2017,2017,16220,516
2017,2017,900001,517
2017,2017,73450,518
2017,2017,78100,519
2017,2017,71950,520
2017,2017,79600,521
2017,2017,78700,522
2017,2017,76450,523
2017,2017,72850,524
2017,2017,75700,525
2017,2017,70750,526
2017,2017,2300001,527
2017,2017,2300002,528
2017,2017,74650,529
2017,2017,76750,530
2017,2017,76900,531
2017,2017,73050,532
2017,2017,71650,533
2017,2017,76600,534
2017,2017,77200,535
2017,2017,70900,536
2017,2017,2500003,537
2017,2017,2500002,538
2017,2017,74500,539
2017,2017,2500004,540
2017,2017,2500001,541
2017,2017,75550,542
2017,2017,3300001,543
2017,2017,3300003,544
2017,2017,3300002,545
2017,2017,74950,546
2017,2017,3300004,547
2017,2017,4400001,548
2017,2017,5000001,549
2017,2017,5000002,550
2017,2017,72400,551
2018,2018,33860,0
2018,2018,19300,1
2018,2018,100004,2
2018,2018,13820,3
2018,2018,11500,4
2018,2018,100002,5
2018,2018,100003,6
2018,2018,22520,7
2018,2018,100001,8
2018,2018,23460,9
2018,2018,20020,10
2018,2018,46220,11
2018,2018,19460,12
2018,2018,12220,13
2018,2018,26620,14
2018,2018,33660,15
2018,2018,17980,16
2018,2018,200006,554
2018,2018,11260,18
2018,2018,21820,19
2018,2018,400001,21
2018,2018,43420,22
2018,2018,22380,23
2018,2018,38060,24
2018,2018,29420,25
2018,2018,46060,26
2018,2018,39140,27
2018,2018,49740,28
2018,2018,500004,29
2018,2018,500001,30
2018,2018,22220,31
2018,2018,500003,32
2018,2018,500002,33
2018,2018,38220,34
2018,2018,27860,35
2018,2018,22900,36
2018,2018,32820,37
2018,2018,30780,38
2018,2018,26300,39
2018,2018,45500,40
2018,2018,41860,41
2018,2018,600006,555
2018,2018,17020,44
2018,2018,600007,556
2018,2018,600003,46
2018,2018,40900,47
2018,2018,23420,48
2018,2018,20940,49
2018,2018,12540,50
2018,2018,25260,51
2018,2018,31080,53
2018,2018,31460,54
2018,2018,32900,55
2018,2018,41500,56
2018,2018,34900,57
2018,2018,40140,58
2018,2018,41940,59
2018,2018,41740,60
2018,2018,44700,61
2018,2018,42020,62
2018,2018,42200,63
2018,2018,42100,64
2018,2018,39820,65
2018,2018,46700,66
2018,2018,42220,67
2018,2018,33700,68
2018,2018,49700,69
2018,2018,47300,70
2018,2018,37100,71
2018,2018,19740,72
2018,2018,800001,73
2018,2018,800002,74
2018,2018,14500,75
2018,2018,800003,76
2018,2018,17820,77
2018,2018,22660,78
2018,2018,24300,79
2018,2018,39380,80
2018,2018,24540,81
2018,2018,20100,82
2018,2018,37980,83
2018,2018,41540,84
2018,2018,47900,85
2018,2018,23540,86
2018,2018,27260,87
2018,2018,37460,88
2018,2018,1200006,557
2018,2018,37340,90
2018,2018,33100,91
2018,2018,39460,93
2018,2018,26140,94
2018,2018,34940,95
2018,2018,1200003,96
2018,2018,37860,97
2018,2018,19660,98
2018,2018,45220,99
2018,2018,45300,100
2018,2018,42700,101
2018,2018,42680,102
2018,2018,36740,103
2018,2018,15980,104
2018,2018,35840,105
2018,2018,36100,106
2018,2018,38940,107
2018,2018,18880,108
2018,2018,29460,109
2018,2018,45540,110
2018,2018,1300004,111
2018,2018,10500,112
2018,2018,1300002,113
2018,2018,1300001,114
2018,2018,12060,115
2018,2018,31420,116
2018,2018,15260,117
2018,2018,46660,118
2018,2018,42340,119
2018,2018,1300003,120
2018,2018,12260,121
2018,2018,16860,122
2018,2018,12020,123
2018,2018,40660,124
2018,2018,23580,125
2018,2018,47580,126
2018,2018,25980,127
2018,2018,19140,128
2018,2018,1500001,129
2018,2018,46520,130
2018,2018,27980,131
2018,2018,14260,132
2018,2018,1600006,558
2018,2018,38540,134
2018,2018,1600007,559
2018,2018,26820,138
2018,2018,30860,139
2018,2018,17660,140
2018,2018,30300,141
2018,2018,1700002,142
2018,2018,16020,143
2018,2018,41180,144
2018,2018,40420,145
2018,2018,1700001,146
2018,2018,16580,147
2018,2018,1700003,148
2018,2018,16980,149
2018,2018,14010,150
2018,2018,1700004,151
2018,2018,19340,152
2018,2018,16060,153
2018,2018,28100,154
2018,2018,19500,155
2018,2018,37900,156
2018,2018,44100,157
2018,2018,19180,158
2018,2018,1800001,159
2018,2018,23060,160
2018,2018,18020,161
2018,2018,29200,162
2018,2018,1800002,163
2018,2018,26900,164
2018,2018,31140,165
2018,2018,45460,166
2018,2018,1800003,167
2018,2018,17140,168
2018,2018,34620,169
2018,2018,21140,170
2018,2018,29020,171
2018,2018,33140,172
2018,2018,14020,173
2018,2018,21780,174
2018,2018,43780,175
2018,2018,1900003,176
2018,2018,1900001,177
2018,2018,1900004,178
2018,2018,16300,179
2018,2018,47940,180
2018,2018,1900002,181
2018,2018,19780,182
2018,2018,20220,183
2018,2018,36540,184
2018,2018,26980,185
2018,2018,43580,186
2018,2018,11180,187
2018,2018,2000006,560
2018,2018,48620,192
2018,2018,41140,193
2018,2018,29940,194
2018,2018,45820,195
2018,2018,28140,196
2018,2018,31740,197
2018,2018,2100002,198
2018,2018,14540,199
2018,2018,2100003,200
2018,2018,2100001,201
2018,2018,2100004,202
2018,2018,30460,203
2018,2018,26580,204
2018,2018,17300,205
2018,2018,36980,206
2018,2018,21060,207
2018,2018,29180,208
2018,2018,2200002,209
2018,2018,12940,210
2018,2018,2200006,561
2018,2018,2200003,212
2018,2018,43340,213
2018,2018,29340,214
2018,2018,10780,215
2018,2018,35380,216
2018,2018,26380,217
2018,2018,33740,218
2018,2018,25220,219
2018,2018,19060,221
2018,2018,12580,222
2018,2018,2400006,562
2018,2018,15680,225
2018,2018,25180,226
2018,2018,2600002,227
2018,2018,2600001,228
2018,2018,2600004,229
2018,2018,2600003,230
2018,2018,24340,231
2018,2018,13020,232
2018,2018,35660,233
2018,2018,12980,234
2018,2018,29620,235
2018,2018,22420,236
2018,2018,27100,237
2018,2018,28020,238
2018,2018,19820,239
2018,2018,33220,240
2018,2018,33780,241
2018,2018,34740,242
2018,2018,40980,243
2018,2018,11460,244
2018,2018,2700002,245
2018,2018,33460,246
2018,2018,2700001,247
2018,2018,41060,248
2018,2018,2700003,249
2018,2018,31860,250
2018,2018,2700004,251
2018,2018,20260,252
2018,2018,22020,253
2018,2018,40340,254
2018,2018,29100,255
2018,2018,24220,256
2018,2018,2800004,257
2018,2018,2800001,258
2018,2018,2800002,259
2018,2018,2800003,260
2018,2018,27140,261
2018,2018,25620,262
2018,2018,25060,263
2018,2018,2900002,264
2018,2018,2900004,265
2018,2018,2900001,266
2018,2018,17860,267
2018,2018,2900003,268
2018,2018,27620,269
2018,2018,44180,270
2018,2018,27900,271
2018,2018,3000003,272
2018,2018,3000006,563
2018,2018,13740,274
2018,2018,24500,276
2018,2018,3000004,277
2018,2018,33540,278
2018,2018,3100006,564
2018,2018,3100003,280
2018,2018,3100001,281
2018,2018,24260,283
2018,2018,30700,284
2018,2018,3200006,565
2018,2018,29820,286
2018,2018,39900,288
2018,2018,16180,289
2018,2018,12100,290
2018,2018,35620,291
2018,2018,36140,292
2018,2018,47220,293
2018,2018,45940,294
2018,2018,10900,295
2018,2018,10740,296
2018,2018,3500006,566
2018,2018,3500007,567
2018,2018,29740,300
2018,2018,22140,302
2018,2018,42140,303
2018,2018,10580,304
2018,2018,3600004,305
2018,2018,13780,306
2018,2018,3600006,568
2018,2018,21300,308
2018,2018,3600001,309
2018,2018,15380,311
2018,2018,46540,312
2018,2018,48060,313
2018,2018,40380,314
2018,2018,45060,315
2018,2018,27060,316
2018,2018,28740,317
2018,2018,24020,318
2018,2018,15500,319
2018,2018,25860,320
2018,2018,3700004,321
2018,2018,3700003,322
2018,2018,3700001,323
2018,2018,3700002,324
2018,2018,34820,325
2018,2018,11700,326
2018,2018,16740,327
2018,2018,20500,328
2018,2018,35100,329
2018,2018,22180,330
2018,2018,47260,331
2018,2018,49180,332
2018,2018,40580,333
2018,2018,39580,334
2018,2018,24660,335
2018,2018,48900,336
2018,2018,27340,337
2018,2018,24780,338
2018,2018,24140,339
2018,2018,3800006,569
2018,2018,3800007,570
2018,2018,13900,343
2018,2018,3900004,345
2018,2018,30620,346
2018,2018,3900002,347
2018,2018,3900001,348
2018,2018,48540,349
2018,2018,15940,350
2018,2018,44220,351
2018,2018,3900003,352
2018,2018,17460,353
2018,2018,18140,354
2018,2018,45780,355
2018,2018,19380,356
2018,2018,48260,357
2018,2018,49660,358
2018,2018,10420,359
2018,2018,31900,360
2018,2018,4000001,361
2018,2018,4000002,552
2018,2018,4000004,363
2018,2018,4000003,364
2018,2018,36420,365
2018,2018,30020,366
2018,2018,46140,367
2018,2018,21420,553
2018,2018,4100008,571
2018,2018,18700,369
2018,2018,38900,370
2018,2018,4100006,572
2018,2018,4100007,573
2018,2018,13460,374
2018,2018,32780,375
2018,2018,24420,376
2018,2018,21660,377
2018,2018,10540,378
2018,2018,41420,379
2018,2018,23900,380
2018,2018,38300,381
2018,2018,4200003,382
2018,2018,39740,383
2018,2018,11020,384
2018,2018,4200002,385
2018,2018,27780,386
2018,2018,44300,387
2018,2018,4200001,388
2018,2018,14100,389
2018,2018,25420,390
2018,2018,21500,391
2018,2018,16540,392
2018,2018,42540,393
2018,2018,29540,394
2018,2018,30140,395
2018,2018,48700,396
2018,2018,20700,397
2018,2018,49620,398
2018,2018,4500002,399
2018,2018,4500004,400
2018,2018,24860,401
2018,2018,25940,402
2018,2018,16700,403
2018,2018,17900,404
2018,2018,4500006,574
2018,2018,22500,407
2018,2018,43900,408
2018,2018,44940,409
2018,2018,4600002,410
2018,2018,4600003,411
2018,2018,39660,412
2018,2018,43620,413
2018,2018,28940,414
2018,2018,4700002,415
2018,2018,4700001,416
2018,2018,4700004,417
2018,2018,17420,418
2018,2018,34980,419
2018,2018,27740,420
2018,2018,27180,421
2018,2018,4700003,422
2018,2018,34100,423
2018,2018,28700,424
2018,2018,4800002,425
2018,2018,4800001,426
2018,2018,4800003,427
2018,2018,18580,428
2018,2018,48660,429
2018,2018,11100,430
2018,2018,41700,431
2018,2018,26420,432
2018,2018,12420,433
2018,2018,4800006,434
2018,2018,28660,435
2018,2018,4800004,436
2018,2018,17780,437
2018,2018,10180,438
2018,2018,15180,439
2018,2018,19100,440
2018,2018,31180,441
2018,2018,4800005,442
2018,2018,36220,443
2018,2018,21340,444
2018,2018,47380,445
2018,2018,47020,446
2018,2018,43300,447
2018,2018,30980,448
2018,2018,13140,449
2018,2018,32580,450
2018,2018,41660,451
2018,2018,33260,452
2018,2018,46340,453
2018,2018,29700,454
2018,2018,4900007,575
2018,2018,36260,456
2018,2018,4900006,576
2018,2018,39340,458
2018,2018,41620,461
2018,2018,41100,462
2018,2018,5100003,463
2018,2018,16820,464
2018,2018,5100004,465
2018,2018,40060,466
2018,2018,31340,467
2018,2018,44420,468
2018,2018,5100001,469
2018,2018,40220,470
2018,2018,5100002,471
2018,2018,13980,472
2018,2018,49020,473
2018,2018,25500,474
2018,2018,5300007,577
2018,2018,28420,476
2018,2018,48300,477
2018,2018,5300006,578
2018,2018,47460,479
2018,2018,31020,480
2018,2018,42660,482
2018,2018,14740,483
2018,2018,44060,485
2018,2018,34580,486
2018,2018,36500,487
2018,2018,13380,488
2018,2018,49420,489
2018,2018,5400002,490
2018,2018,16620,491
2018,2018,13220,492
2018,2018,5400001,493
2018,2018,34060,494
2018,2018,37620,495
2018,2018,5500002,496
2018,2018,5500001,497
2018,2018,5500004,498
2018,2018,24580,499
2018,2018,11540,500
2018,2018,20740,501
2018,2018,31540,502
2018,2018,5500003,503
2018,2018,22540,504
2018,2018,48140,505
2018,2018,33340,506
2018,2018,39540,507
2018,2018,27500,508
2018,2018,43100,509
2018,2018,36780,510
2018,2018,5600007,579
2018,2018,5600006,580
2018,2018,16940,514
2018,2018,16220,516
2018,2018,900001,517
2018,2018,73450,518
2018,2018,78100,519
2018,2018,71950,520
2018,2018,79600,521
2018,2018,78700,522
2018,2018,76450,523
2018,2018,72850,524
2018,2018,75700,525
2018,2018,70750,526
2018,2018,2300001,527
2018,2018,2300002,528
2018,2018,74650,529
2018,2018,76750,530
2018,2018,76900,531
2018,2018,73050,532
2018,2018,71650,533
2018,2018,76600,534
2018,2018,77200,581
2018,2018,70900,536
2018,2018,2500006,582
2018,2018,74500,539
2018,2018,75550,542
2018,2018,3300001,543
2018,2018,3300006,583
2018,2018,3300002,545
2018,2018,74950,546
2018,2018,5000001,549
2018,2018,5000002,550
2018,2018,72400,551
2019,2023,33860,0
2019,2023,19300,1
2019,2023,100004,2
2019,2023,13820,3
2019,2023,11500,4
2019,2023,100002,5
2019,2023,100003,6
2019,2023,22520,7
2019,2023,100001,8
2019,2023,23460,9
2019,2023,20020,10
2019,2023,46220,11
2019,2023,19460,12
2019,2023,12220,13
2019,2023,26620,14
2019,2023,33660,15
2019,2023,17980,16
2019,2023,200006,554
2019,2023,11260,18
2019,2023,21820,19
2019,2023,400001,21
2019,2023,43420,22
2019,2023,22380,23
2019,2023,38060,24
2019,2023,29420,25
2019,2023,46060,26
2019,2023,39140,27
2019,2023,49740,28
2019,2023,500004,29
2019,2023,500001,30
2019,2023,22220,31
2019,2023,500003,32
2019,2023,500002,33
2019,2023,38220,34
2019,2023,27860,35
2019,2023,22900,36
2019,2023,32820,37
2019,2023,30780,38
2019,2023,26300,39
2019,2023,45500,40
2019,2023,41860,41
2019,2023,600006,555
2019,2023,17020,44
2019,2023,600007,556
2019,2023,600003,46
2019,2023,40900,47
2019,2023,23420,48
2019,2023,20940,49
2019,2023,12540,50
2019,2023,25260,51
2019,2023,31080,53
2019,2023,31460,54
2019,2023,32900,55
2019,2023,41500,56
2019,2023,34900,57
2019,2023,40140,58
2019,2023,41940,59
2019,2023,41740,60
2019,2023,44700,61
2019,2023,42020,62
2019,2023,42200,63
2019,2023,42100,64
2019,2023,39820,65
2019,2023,46700,66
2019,2023,42220,67
2019,2023,33700,68
2019,2023,49700,69
2019,2023,47300,70
2019,2023,37100,71
2019,2023,19740,72
2019,2023,800001,73
2019,2023,800002,74
2019,2023,14500,75
2019,2023,800003,76
2019,2023,17820,77
2019,2023,22660,78
2019,2023,24300,79
2019,2023,39380,80
2019,2023,24540,81
2019,2023,20100,82
2019,2023,37980,83
2019,2023,41540,84
2019,2023,47900,85
2019,2023,23540,86
2019,2023,27260,87
2019,2023,37460,88
2019,2023,1200006,557
2019,2023,37340,90
2019,2023,33100,91
2019,2023,39460,93
2019,2023,26140,94
2019,2023,34940,95
2019,2023,1200003,96
2019,2023,37860,97
2019,2023,19660,98
2019,2023,45220,99
2019,2023,45300,100
2019,2023,42700,101
2019,2023,42680,102
2019,2023,36740,103
2019,2023,15980,104
2019,2023,35840,105
2019,2023,36100,106
2019,2023,38940,107
2019,2023,18880,108
2019,2023,29460,109
2019,2023,45540,110
2019,2023,1300004,111
2019,2023,10500,112
2019,2023,1300002,113
2019,2023,1300001,114
2019,2023,12060,115
2019,2023,31420,116
2019,2023,15260,117
2019,2023,46660,118
2019,2023,42340,119
2019,2023,1300003,120
2019,2023,12260,121
2019,2023,16860,122
2019,2023,12020,123
2019,2023,40660,124
2019,2023,23580,125
2019,2023,47580,126
2019,2023,25980,127
2019,2023,19140,128
2019,2023,1500001,129
2019,2023,46520,130
2019,2023,27980,131
2019,2023,14260,132
2019,2023,1600006,558
2019,2023,38540,134
2019,2023,1600007,584
2019,2023,26820,138
2019,2023,30860,139
2019,2023,46300,585
2019,2023,17660,140
2019,2023,30300,141
2019,2023,1700002,142
2019,2023,16020,143
2019,2023,41180,144
2019,2023,40420,145
2019,2023,1700001,146
2019,2023,16580,147
2019,2023,1700003,148
2019,2023,16980,149
2019,2023,14010,150
2019,2023,1700004,151
2019,2023,19340,152
2019,2023,16060,153
2019,2023,28100,154
2019,2023,19500,155
2019,2023,37900,156
2019,2023,44100,157
2019,2023,19180,158
2019,2023,1800001,159
2019,2023,23060,160
2019,2023,18020,161
2019,2023,29200,162
2019,2023,1800002,163
2019,2023,26900,164
2019,2023,31140,165
2019,2023,45460,166
2019,2023,1800003,167
2019,2023,17140,168
2019,2023,34620,169
2019,2023,21140,170
2019,2023,29020,171
2019,2023,33140,172
2019,2023,14020,173
2019,2023,21780,174
2019,2023,43780,175
2019,2023,1900003,176
2019,2023,1900001,177
2019,2023,1900004,178
2019,2023,16300,179
2019,2023,47940,180
2019,2023,1900002,181
2019,2023,19780,182
2019,2023,20220,183
2019,2023,36540,184
2019,2023,26980,185
2019,2023,43580,186
2019,2023,11180,187
2019,2023,2000006,560
2019,2023,48620,192
2019,2023,41140,193
2019,2023,29940,194
2019,2023,45820,195
2019,2023,28140,196
2019,2023,31740,197
2019,2023,2100002,198
2019,2023,14540,199
2019,2023,2100003,200
2019,2023,2100001,201
2019,2023,2100004,202
2019,2023,30460,203
2019,2023,26580,204
2019,2023,17300,205
2019,2023,36980,206
2019,2023,21060,207
2019,2023,29180,208
2019,2023,2200002,209
2019,2023,12940,210
2019,2023,2200006,561
2019,2023,2200003,212
2019,2023,43340,213
2019,2023,29340,214
2019,2023,10780,215
2019,2023,35380,216
2019,2023,26380,217
2019,2023,33740,218
2019,2023,25220,219
2019,2023,19060,221
2019,2023,12580,222
2019,2023,2400006,562
2019,2023,15680,225
2019,2023,25180,226
2019,2023,2600002,227
2019,2023,2600001,228
2019,2023,2600004,229
2019,2023,2600003,230
2019,2023,24340,231
2019,2023,13020,232
2019,2023,35660,233
2019,2023,12980,234
2019,2023,29620,235
2019,2023,22420,236
2019,2023,27100,237
2019,2023,28020,238
2019,2023,19820,239
2019,2023,33220,240
2019,2023,33780,241
2019,2023,34740,242
2019,2023,40980,243
2019,2023,11460,244
2019,2023,2700002,245
2019,2023,33460,246
2019,2023,2700001,247
2019,2023,41060,248
2019,2023,2700003,249
2019,2023,31860,250
2019,2023,2700004,251
2019,2023,20260,252
2019,2023,22020,253
2019,2023,40340,254
2019,2023,29100,255
2019,2023,24220,256
2019,2023,2800004,257
2019,2023,2800001,258
2019,2023,2800002,259
2019,2023,2800003,260
2019,2023,27140,261
2019,2023,25620,262
2019,2023,25060,263
2019,2023,2900002,264
2019,2023,2900004,265
2019,2023,2900001,266
2019,2023,17860,267
2019,2023,2900003,268
2019,2023,27620,269
2019,2023,44180,270
2019,2023,27900,271
2019,2023,3000003,272
2019,2023,3000006,563
2019,2023,13740,274
2019,2023,24500,276
2019,2023,3000004,277
2019,2023,33540,278
2019,2023,3100006,564
2019,2023,3100003,280
2019,2023,3100001,281
2019,2023,24260,283
2019,2023,30700,284
2019,2023,3200006,565
2019,2023,29820,286
2019,2023,39900,288
2019,2023,16180,289
2019,2023,12100,290
2019,2023,35620,291
2019,2023,36140,292
2019,2023,47220,293
2019,2023,45940,294
2019,2023,10900,295
2019,2023,10740,296
2019,2023,3500006,566
2019,2023,3500007,567
2019,2023,29740,300
2019,2023,22140,302
2019,2023,42140,303
2019,2023,10580,304
2019,2023,3600004,305
2019,2023,13780,306
2019,2023,3600006,568
2019,2023,21300,308
2019,2023,3600001,309
2019,2023,15380,311
2019,2023,46540,312
2019,2023,48060,313
2019,2023,40380,314
2019,2023,45060,315
2019,2023,27060,316
2019,2023,28740,317
2019,2023,24020,318
2019,2023,15500,319
2019,2023,25860,320
2019,2023,3700004,321
2019,2023,3700003,322
2019,2023,3700001,323
2019,2023,3700002,324
2019,2023,34820,325
2019,2023,11700,326
2019,2023,16740,327
2019,2023,20500,328
2019,2023,35100,329
2019,2023,22180,330
2019,2023,47260,331
2019,2023,49180,332
2019,2023,40580,333
2019,2023,39580,334
2019,2023,24660,335
2019,2023,48900,336
2019,2023,27340,337
2019,2023,24780,338
2019,2023,24140,339
2019,2023,3800006,569
2019,2023,3800007,570
2019,2023,13900,343
2019,2023,3900004,345
2019,2023,30620,346
2019,2023,3900002,347
2019,2023,3900001,348
2019,2023,48540,349
2019,2023,15940,350
2019,2023,44220,351
2019,2023,3900003,352
2019,2023,17460,353
2019,2023,18140,354
2019,2023,45780,355
2019,2023,19380,356
2019,2023,48260,357
2019,2023,49660,358
2019,2023,10420,359
2019,2023,31900,360
2019,2023,4000001,361
2019,2023,4000002,552
2019,2023,4000004,363
2019,2023,4000003,364
2019,2023,36420,365
2019,2023,30020,366
2019,2023,46140,367
2019,2023,21420,553
2019,2023,4100008,571
2019,2023,18700,369
2019,2023,38900,370
2019,2023,4100006,572
2019,2023,4100007,573
2019,2023,13460,374
2019,2023,32780,375
2019,2023,24420,376
2019,2023,21660,377
2019,2023,10540,378
2019,2023,41420,379
2019,2023,23900,380
2019,2023,38300,381
2019,2023,4200003,382
2019,2023,39740,383
2019,2023,11020,384
2019,2023,4200002,385
2019,2023,27780,386
2019,2023,44300,387
2019,2023,4200001,388
2019,2023,14100,389
2019,2023,25420,390
2019,2023,21500,391
2019,2023,16540,392
2019,2023,42540,393
2019,2023,29540,394
2019,2023,30140,395
2019,2023,48700,396
2019,2023,20700,397
2019,2023,49620,398
2019,2023,4500002,399
2019,2023,4500004,400
2019,2023,24860,401
2019,2023,25940,402
2019,2023,16700,403
2019,2023,17900,404
2019,2023,4500006,574
2019,2023,22500,407
2019,2023,43900,408
2019,2023,44940,409
2019,2023,4600002,410
2019,2023,4600003,411
2019,2023,39660,412
2019,2023,43620,413
2019,2023,28940,414
2019,2023,4700002,415
2019,2023,4700001,416
2019,2023,4700004,417
2019,2023,17420,418
2019,2023,34980,419
2019,2023,27740,420
2019,2023,27180,421
2019,2023,4700003,422
2019,2023,34100,423
2019,2023,28700,424
2019,2023,4800002,425
2019,2023,4800001,426
2019,2023,4800003,427
2019,2023,18580,428
2019,2023,48660,429
2019,2023,11100,430
2019,2023,41700,431
2019,2023,26420,432
2019,2023,12420,433
2019,2023,4800006,434
2019,2023,28660,435
2019,2023,4800004,436
2019,2023,17780,437
2019,2023,10180,438
2019,2023,15180,439
2019,2023,19100,440
2019,2023,31180,441
2019,2023,4800005,442
2019,2023,36220,443
2019,2023,21340,444
2019,2023,47380,445
2019,2023,47020,446
2019,2023,43300,447
2019,2023,30980,448
2019,2023,13140,449
2019,2023,32580,450
2019,2023,41660,451
2019,2023,33260,452
2019,2023,46340,453
2019,2023,29700,454
2019,2023,4900007,575
2019,2023,36260,456
2019,2023,4900006,576
2019,2023,39340,458
2019,2023,41620,461
2019,2023,41100,462
2019,2023,5100003,463
2019,2023,16820,464
2019,2023,5100004,465
2019,2023,40060,466
2019,2023,31340,467
2019,2023,44420,468
2019,2023,5100001,469
2019,2023,40220,470
2019,2023,5100002,471
2019,2023,13980,472
2019,2023,49020,473
2019,2023,25500,474
2019,2023,5300007,577
2019,2023,28420,476
2019,2023,48300,477
2019,2023,5300006,578
2019,2023,47460,479
2019,2023,31020,480
2019,2023,42660,482
2019,2023,14740,483
2019,2023,44060,485
2019,2023,34580,486
2019,2023,36500,487
2019,2023,13380,488
2019,2023,49420,489
2019,2023,5400002,490
2019,2023,16620,491
2019,2023,13220,492
2019,2023,5400001,493
2019,2023,34060,494
2019,2023,37620,495
2019,2023,5500002,496
2019,2023,5500001,497
2019,2023,5500004,498
2019,2023,24580,499
2019,2023,11540,500
2019,2023,20740,501
2019,2023,31540,502
2019,2023,5500003,503
2019,2023,22540,504
2019,2023,48140,505
2019,2023,33340,506
2019,2023,39540,507
2019,2023,27500,508
2019,2023,43100,509
2019,2023,36780,510
2019,2023,5600007,579
2019,2023,5600006,580
2019,2023,16940,514
2019,2023,16220,516
2019,2023,900001,517
2019,2023,73450,518
2019,2023,78100,519
2019,2023,71950,520
2019,2023,79600,521
2019,2023,78700,522
2019,2023,76450,523
2019,2023,72850,524
2019,2023,75700,525
2019,2023,70750,526
2019,2023,2300001,527
2019,2023,2300002,528
2019,2023,74650,529
2019,2023,76750,530
2019,2023,76900,531
2019,2023,73050,532
2019,2023,71650,533
2019,2023,76600,534
2019,2023,77200,581
2019,2023,70900,536
2019,2023,2500006,582
2019,2023,74500,539
2019,2023,75550,542
2019,2023,3300001,543
2019,2023,3300006,583
2019,2023,3300002,545
2019,2023,74950,546
2019,2023,5000001,549
2019,2023,5000002,550
2019,2023,72400,551
2024,2025,33860,0
2024,2025,19300,1
2024,2025,100004,586
2024,2025,13820,3
2024,2025,11500,4
2024,2025,100002,5
2024,2025,100003,587
2024,2025,22520,7
2024,2025,100001,8
2024,2025,23460,9
2024,2025,20020,10
2024,2025,46220,588
2024,2025,19460,12
2024,2025,12220,589
2024,2025,26620,14
2024,2025,33660,15
2024,2025,17980,590
2024,2025,200006,554
2024,2025,11260,18
2024,2025,21820,19
2024,2025,400001,21
2024,2025,43420,22
2024,2025,22380,23
2024,2025,38060,24
2024,2025,29420,25
2024,2025,46060,26
2024,2025,39150,591
2024,2025,49740,28
2024,2025,500004,592
2024,2025,500001,30
2024,2025,22220,593
2024,2025,500003,32
2024,2025,500002,33
2024,2025,27860,35
2024,2025,22900,594
2024,2025,32820,37
2024,2025,30780,38
2024,2025,26300,39
2024,2025,45500,40
2024,2025,41860,41
2024,2025,600006,555
2024,2025,17020,44
2024,2025,600007,556
2024,2025,600003,46
2024,2025,40900,47
2024,2025,23420,595
2024,2025,20940,49
2024,2025,12540,50
2024,2025,25260,51
2024,2025,31080,53
2024,2025,32900,55
2024,2025,41500,56
2024,2025,34900,596
2024,2025,40140,58
2024,2025,41940,59
2024,2025,41740,60
2024,2025,44700,61
2024,2025,42020,62
2024,2025,42200,63
2024,2025,42100,64
2024,2025,39820,65
2024,2025,46700,66
2024,2025,42220,67
2024,2025,33700,68
2024,2025,49700,69
2024,2025,47300,70
2024,2025,37100,71
2024,2025,19740,72
2024,2025,800001,73
2024,2025,800002,74
2024,2025,14500,75
2024,2025,800003,76
2024,2025,17820,77
2024,2025,22660,78
2024,2025,24300,79
2024,2025,39380,80
2024,2025,24540,81
2024,2025,25540,597
2024,2025,14860,598
2024,2025,47930,599
2024,2025,900001,600
2024,2025,35300,601
2024,2025,35980,602
2024,2025,20100,82
2024,2025,37980,83
2024,2025,1000005,603
2024,2025,47900,604
2024,2025,23540,605
2024,2025,27260,87
2024,2025,37460,606
2024,2025,1200006,607
2024,2025,37340,90
2024,2025,33100,91
2024,2025,39460,93
2024,2025,26140,94
2024,2025,34940,95
2024,2025,1200003,96
2024,2025,37860,97
2024,2025,19660,98
2024,2025,45220,99
2024,2025,45300,100
2024,2025,42700,101
2024,2025,42680,102
2024,2025,36740,103
2024,2025,15980,104
2024,2025,35840,105
2024,2025,36100,106
2024,2025,38940,107
2024,2025,18880,108
2024,2025,29460,109
2024,2025,48680,608
2024,2025,1300004,609
2024,2025,1300002,610
2024,2025,1300001,611
2024,2025,12060,612
2024,2025,31420,116
2024,2025,15260,117
2024,2025,46660,118
2024,2025,42340,119
2024,2025,1300003,120
2024,2025,12260,121
2024,2025,16860,122
2024,2025,12020,123
2024,2025,10500,613
2024,2025,40660,124
2024,2025,23580,125
2024,2025,47580,614
2024,2025,25980,127
2024,2025,19140,128
2024,2025,1500001,129
2024,2025,46520,130
2024,2025,27980,131
2024,2025,14260,132
2024,2025,1600006,558
2024,2025,38540,134
2024,2025,1600007,584
2024,2025,26820,138
2024,2025,30860,139
2024,2025,46300,585
2024,2025,17660,140
2024,2025,30300,141
2024,2025,1700002,615
2024,2025,16020,143
2024,2025,41180,144
2024,2025,40420,145
2024,2025,1700001,146
2024,2025,16580,147
2024,2025,1700003,616
2024,2025,16980,617
2024,2025,1700004,618
2024,2025,19340,152
2024,2025,28100,154
2024,2025,14010,619
2024,2025,19500,155
2024,2025,37900,156
2024,2025,37140,620
2024,2025,44100,157
2024,2025,1800001,159
2024,2025,23060,160
2024,2025,18020,161
2024,2025,29200,621
2024,2025,1800002,622
2024,2025,26900,623
2024,2025,31140,624
2024,2025,45460,166
2024,2025,1800003,625
2024,2025,17140,626
2024,2025,34620,169
2024,2025,21140,170
2024,2025,29020,171
2024,2025,33140,172
2024,2025,14020,173
2024,2025,21780,627
2024,2025,43780,175
2024,2025,1900003,628
2024,2025,1900001,177
2024,2025,1900004,629
2024,2025,16300,179
2024,2025,47940,180
2024,2025,11180,630
2024,2025,1900002,631
2024,2025,19780,632
2024,2025,20220,183
2024,2025,36540,184
2024,2025,26980,185
2024,2025,43580,633
2024,2025,2000006,634
2024,2025,48620,635
2024,2025,27900,636
2024,2025,41140,193
2024,2025,29940,194
2024,2025,31740,637
2024,2025,45820,195
2024,2025,28140,196
2024,2025,2100002,198
2024,2025,14540,199
2024,2025,2100003,638
2024,2025,2100004,639
2024,2025,30460,203
2024,2025,26580,640
2024,2025,2100001,641
2024,2025,17300,642
2024,2025,36980,643
2024,2025,21060,644
2024,2025,29180,645
2024,2025,2200002,209
2024,2025,12940,646
2024,2025,2200003,647
2024,2025,43340,648
2024,2025,29340,649
2024,2025,10780,215
2024,2025,2200006,650
2024,2025,35380,651
2024,2025,26380,217
2024,2025,33740,652
2024,2025,43640,653
2024,2025,25220,219
2024,2025,30340,654
2024,2025,2300001,655
2024,2025,38860,656
2024,2025,2300002,657
2024,2025,12620,658
2024,2025,2400006,659
2024,2025,12580,222
2024,2025,30500,660
2024,2025,41540,661
2024,2025,25180,662
2024,2025,12700,663
2024,2025,38340,664
2024,2025,39300,665
2024,2025,2500001,666
2024,2025,14460,667
2024,2025,44140,668
2024,2025,11200,669
2024,2025,49340,670
2024,2025,2600002,671
2024,2025,2600001,228
2024,2025,2600004,672
2024,2025,2600003,673
2024,2025,24340,674
2024,2025,13020,232
2024,2025,45900,675
2024,2025,35660,233
2024,2025,12980,234
2024,2025,29620,235
2024,2025,22420,236
2024,2025,27100,237
2024,2025,28020,676
2024,2025,19820,239
2024,2025,33220,240
2024,2025,33780,241
2024,2025,34740,242
2024,2025,40980,243
2024,2025,11460,244
2024,2025,2700002,245
2024,2025,33460,677
2024,2025,2700001,247
2024,2025,41060,248
2024,2025,2700003,678
2024,2025,31860,250
2024,2025,2700004,251
2024,2025,20260,252
2024,2025,22020,253
2024,2025,40340,254
2024,2025,29100,679
2024,2025,24220,256
2024,2025,43620,680
2024,2025,2800007,681
2024,2025,2800006,682
2024,2025,2800005,683
2024,2025,2800008,684
2024,2025,27140,685
2024,2025,25620,262
2024,2025,25060,686
2024,2025,2900002,264
2024,2025,2900004,687
2024,2025,2900001,688
2024,2025,17860,689
2024,2025,2900003,268
2024,2025,27620,269
2024,2025,44180,270
2024,2025,3000003,690
2024,2025,3000006,691
2024,2025,25740,692
2024,2025,13740,693
2024,2025,24500,276
2024,2025,3000004,694
2024,2025,14580,695
2024,2025,33540,696
2024,2025,3100006,697
2024,2025,3100003,698
2024,2025,3100001,281
2024,2025,24260,699
2024,2025,30700,284
2024,2025,3200006,700
2024,2025,29820,286
2024,2025,39900,701
2024,2025,16180,289
2024,2025,3300002,702
2024,2025,3300001,703
2024,2025,3300006,704
2024,2025,31700,705
2024,2025,12100,706
2024,2025,35620,707
2024,2025,47220,293
2024,2025,45940,294
2024,2025,10900,295
2024,2025,10740,296
2024,2025,3500006,566
2024,2025,3500007,567
2024,2025,29740,300
2024,2025,22140,302
2024,2025,42140,303
2024,2025,10580,304
2024,2025,3600004,708
2024,2025,13780,306
2024,2025,3600006,568
2024,2025,21300,308
2024,2025,3600001,309
2024,2025,28880,709
2024,2025,15380,311
2024,2025,46540,312
2024,2025,48060,313
2024,2025,40380,710
2024,2025,45060,315
2024,2025,27060,316
2024,2025,28740,317
2024,2025,24020,318
2024,2025,15500,319
2024,2025,25860,320
2024,2025,3700003,711
2024,2025,16740,712
2024,2025,3700001,713
2024,2025,3700002,714
2024,2025,48900,715
2024,2025,11700,716
2024,2025,47260,717
2024,2025,20500,328
2024,2025,22180,330
2024,2025,49180,332
2024,2025,40580,333
2024,2025,39580,334
2024,2025,24660,335
2024,2025,38240,718
2024,2025,27340,337
2024,2025,24780,338
2024,2025,24140,339
2024,2025,3800006,719
2024,2025,3800007,570
2024,2025,13900,720
2024,2025,33500,721
2024,2025,3900004,345
2024,2025,30620,346
2024,2025,3900002,722
2024,2025,17410,723
2024,2025,3900001,348
2024,2025,48540,349
2024,2025,15940,350
2024,2025,44220,351
2024,2025,3900003,352
2024,2025,18140,354
2024,2025,41780,724
2024,2025,45780,355
2024,2025,19430,725
2024,2025,48260,357
2024,2025,49660,726
2024,2025,10420,359
2024,2025,31900,360
2024,2025,4000001,361
2024,2025,4000002,552
2024,2025,4000004,727
2024,2025,4000003,364
2024,2025,36420,365
2024,2025,30020,366
2024,2025,46140,367
2024,2025,21420,553
2024,2025,4100008,571
2024,2025,18700,369
2024,2025,38900,370
2024,2025,4100006,572
2024,2025,13460,728
2024,2025,4100007,729
2024,2025,32780,375
2024,2025,24420,376
2024,2025,21660,377
2024,2025,10540,378
2024,2025,41420,379
2024,2025,23900,380
2024,2025,38300,730
2024,2025,4200004,731
2024,2025,39740,383
2024,2025,11020,384
2024,2025,4200002,732
2024,2025,27780,386
2024,2025,4200001,733
2024,2025,44300,387
2024,2025,4200003,734
2024,2025,25420,390
2024,2025,21500,391
2024,2025,16540,392
2024,2025,42540,393
2024,2025,29540,394
2024,2025,30140,395
2024,2025,48700,396
2024,2025,49620,398
2024,2025,4500003,735
2024,2025,4500005,736
2024,2025,24860,401
2024,2025,25940,402
2024,2025,16700,403
2024,2025,17900,404
2024,2025,4500007,737
2024,2025,22500,407
2024,2025,34820,738
2024,2025,43900,408
2024,2025,44940,409
2024,2025,4600002,410
2024,2025,4600003,411
2024,2025,39660,412
2024,2025,28940,414
2024,2025,4700002,415
2024,2025,4700001,739
2024,2025,4700004,417
2024,2025,17420,418
2024,2025,34980,419
2024,2025,27740,420
2024,2025,27180,740
2024,2025,4700003,422
2024,2025,34100,423
2024,2025,28700,424
2024,2025,4800002,741
2024,2025,4800001,742
2024,2025,4800003,743
2024,2025,18580,428
2024,2025,48660,429
2024,2025,11100,430
2024,2025,41700,431
2024,2025,26420,744
2024,2025,12420,433
2024,2025,4800006,434
2024,2025,28660,435
2024,2025,4800004,745
2024,2025,47380,746
2024,2025,17780,437
2024,2025,10180,438
2024,2025,15180,439
2024,2025,31180,747
2024,2025,19100,748
2024,2025,4800005,749
2024,2025,36220,443
2024,2025,21340,444
2024,2025,47020,446
2024,2025,43300,447
2024,2025,30980,750
2024,2025,13140,751
2024,2025,32580,450
2024,2025,41660,451
2024,2025,33260,452
2024,2025,20580,752
2024,2025,46340,453
2024,2025,29700,454
2024,2025,4900011,753
2024,2025,4900010,754
2024,2025,36260,755
2024,2025,39340,458
2024,2025,41620,461
2024,2025,41100,462
2024,2025,5000002,756
2024,2025,5000001,757
2024,2025,15540,758
2024,2025,5100003,759
2024,2025,16820,760
2024,2025,5100004,465
2024,2025,40060,761
2024,2025,31340,467
2024,2025,44420,468
2024,2025,5100001,469
2024,2025,40220,470
2024,2025,5100002,762
2024,2025,13980,472
2024,2025,49020,473
2024,2025,25500,474
2024,2025,5300007,763
2024,2025,28420,476
2024,2025,48300,477
2024,2025,5300006,578
2024,2025,31020,480
2024,2025,42660,482
2024,2025,14740,483
2024,2025,34580,486
2024,2025,44060,764
2024,2025,36500,487
2024,2025,47460,765
2024,2025,13380,488
2024,2025,49420,489
2024,2025,5400002,766
2024,2025,16620,491
2024,2025,13220,492
2024,2025,5400001,767
2024,2025,34060,494
2024,2025,37620,495
2024,2025,5500002,496
2024,2025,5500001,497
2024,2025,5500004,768
2024,2025,24580,499
2024,2025,11540,500
2024,2025,20740,501
2024,2025,31540,502
2024,2025,5500003,503
2024,2025,22540,504
2024,2025,28450,769
2024,2025,48140,505
2024,2025,33340,506
2024,2025,39540,507
2024,2025,27500,508
2024,2025,43100,509
2024,2025,36780,510
2024,2025,5600007,579
2024,2025,5600006,580
2024,2025,16940,514
2024,2025,16220,516
