year,metro-specific (areas),no published figure (areas),state nonmetro figure (areas),state smaller-metro figure (areas),metro-specific (% of jobs),no published figure (% of jobs),state nonmetro figure (% of jobs),state smaller-metro figure (% of jobs)
2015,297,5,164,86,84.7,0.2,11.9,3.2
2016,260,5,164,123,83.1,0.2,11.6,5.1
2017,260,25,164,104,83.3,1.0,11.4,4.3
2018,260,24,133,104,83.4,1.0,11.4,4.3
2019,260,24,133,105,83.5,1.0,11.2,4.3
2020,260,26,133,103,83.6,1.1,11.1,4.2
2021,260,26,133,103,83.3,1.1,11.3,4.3
2022,260,26,133,103,83.5,1.1,11.1,4.3
2023,260,27,133,102,83.6,1.1,11.0,4.2
2024,257,25,133,106,83.3,1.3,10.9,4.5
2025,275,10,134,102,84.3,0.4,10.9,4.4
