year,own_mort,own_free,rent,share_own_mort,share_own_free,share_rent
2015,25930.0,21806.0,25583.0,0.505,0.411,0.498
2016,26336.0,22298.0,26104.0,0.502,0.411,0.497
2017,27085.0,23261.0,27005.0,0.501,0.419,0.5
2018,28342.0,24173.0,28166.0,0.5,0.414,0.497
2019,29234.0,24980.0,28881.0,0.499,0.413,0.493
2020,29959.0,25222.0,30150.0,0.44,0.335,0.443
2021,31107.0,26279.0,31453.0,0.442,0.34,0.448
2022,34235.0,28909.0,34518.0,0.438,0.334,0.443
2023,36915.0,30870.0,37482.0,0.434,0.323,0.443
2024,39068.0,32586.0,39430.0,0.434,0.323,0.443
2025,41323.0,34326.0,41701.0,0.434,0.323,0.443
